{"stats":{"minecraft:custom":{"minecraft:time_since_rest":9411,"minecraft:crouch_one_cm":26,"minecraft:play_time":9411,"minecraft:sprint_one_cm":7218,"minecraft:damage_taken":150,"minecraft:walk_one_cm":19943,"minecraft:sneak_time":220,"minecraft:walk_under_water_one_cm":661,"minecraft:drop":1,"minecraft:jump":85,"minecraft:damage_dealt":9,"minecraft:time_since_death":9411,"minecraft:walk_on_water_one_cm":950,"minecraft:total_world_time":9411,"minecraft:climb_one_cm":1110,"minecraft:talked_to_villager":1,"minecraft:interact_with_crafting_table":5,"minecraft:fall_one_cm":1091,"minecraft:fly_one_cm":5839},"minecraft:used":{"nethersdelight:hoglin_sirloin":1,"minecraft:wooden_sword":1,"minecraft:crafting_table":1},"minecraft:picked_up":{"minecraft:netherite_boots":1,"minecraft:golden_leggings":2,"minecraft:torch":13,"minecraft:potion":1,"minecraft:iron_ingot":32,"minecraft:oak_log":8,"nethersdelight:hoglin_sirloin":3,"minecraft:netherite_chestplate":1,"minecraft:oak_sapling":3,"minecraft:netherite_pickaxe":2},"minecraft:dropped":{"minecraft:oak_sapling":1},"minecraft:crafted":{"minecraft:iron_sword":1,"minecraft:wooden_sword":1,"minecraft:oak_planks":32,"minecraft:golden_leggings":1,"minecraft:shield":1,"minecraft:crafting_table":1,"minecraft:stick":8},"minecraft:mined":{"minecraft:oak_log":8,"minecraft:oak_leaves":3}},"DataVersion":3120}