{"stats":{"minecraft:custom":{"minecraft:time_since_rest":21411,"minecraft:sprint_one_cm":27766,"minecraft:damage_taken":248,"minecraft:walk_one_cm":67755,"minecraft:mob_kills":1,"minecraft:drop":5,"minecraft:damage_dealt":184,"minecraft:interact_with_crafting_table":8,"minecraft:talked_to_villager":1,"minecraft:fly_one_cm":24531,"minecraft:crouch_one_cm":26,"minecraft:play_time":21411,"minecraft:sneak_time":220,"minecraft:walk_under_water_one_cm":953,"minecraft:jump":223,"minecraft:walk_on_water_one_cm":2100,"minecraft:time_since_death":21411,"minecraft:climb_one_cm":1110,"minecraft:total_world_time":21411,"minecraft:fall_one_cm":5451},"minecraft:used":{"minecraft:stone_shovel":36,"nethersdelight:hoglin_sirloin":3,"minecraft:torch":4,"minecraft:wooden_sword":20,"minecraft:dirt":8,"minecraft:crafting_table":2,"minecraft:netherite_pickaxe":50},"minecraft:picked_up":{"minecraft:netherite_boots":1,"minecraft:golden_leggings":2,"minecraft:torch":13,"minecraft:gravel":22,"minecraft:potion":1,"minecraft:flint":4,"minecraft:oak_log":30,"minecraft:netherite_pickaxe":2,"minecraft:dirt":8,"minecraft:wheat_seeds":5,"minecraft:iron_ingot":32,"nethersdelight:hoglin_sirloin":3,"minecraft:netherite_chestplate":1,"alexsmobs:raccoon_tail":1,"minecraft:oak_sapling":3,"minecraft:cobblestone":53},"minecraft:dropped":{"minecraft:oak_sapling":1,"minecraft:cobblestone":49,"minecraft:potion":1,"minecraft:stone_pickaxe":1,"minecraft:wooden_pickaxe":1},"minecraft:crafted":{"minecraft:wooden_sword":1,"minecraft:oak_planks":96,"minecraft:stone_shovel":1,"minecraft:golden_leggings":1,"minecraft:shield":1,"minecraft:crafting_table":2,"minecraft:stick":8,"minecraft:wooden_pickaxe":1,"minecraft:stone_pickaxe":1,"minecraft:iron_sword":1},"minecraft:mined":{"minecraft:grass":4,"minecraft:grass_block":9,"minecraft:oak_log":25,"minecraft:dirt":6,"minecraft:gravel":27,"minecraft:stone":44,"minecraft:oak_leaves":3},"minecraft:broken":{"minecraft:golden_leggings":1},"minecraft:killed":{"alexsmobs:raccoon":1}},"DataVersion":3120}