{"stats":{"minecraft:custom":{"minecraft:time_since_rest":7078,"minecraft:sprint_one_cm":64240,"minecraft:damage_taken":670,"minecraft:walk_one_cm":93717,"minecraft:mob_kills":3,"minecraft:drop":39,"minecraft:damage_dealt":604,"minecraft:swim_one_cm":5441,"minecraft:interact_with_crafting_table":11,"minecraft:talked_to_villager":1,"minecraft:deaths":1,"minecraft:fly_one_cm":54207,"minecraft:crouch_one_cm":26,"minecraft:play_time":34540,"tombstone:undead_killed":2,"minecraft:sneak_time":220,"minecraft:walk_under_water_one_cm":7593,"minecraft:jump":424,"minecraft:leave_game":1,"minecraft:walk_on_water_one_cm":21569,"minecraft:time_since_death":7589,"minecraft:climb_one_cm":1871,"minecraft:total_world_time":34540,"minecraft:fall_one_cm":12322},"minecraft:used":{"minecraft:iron_axe":21,"minecraft:stone_shovel":36,"minecraft:iron_sword":23,"nethersdelight:hoglin_sirloin":4,"minecraft:torch":4,"minecraft:wooden_sword":24,"minecraft:dirt":8,"minecraft:crafting_table":2,"minecraft:netherite_pickaxe":50,"alexsmobs:animal_dictionary":1},"minecraft:picked_up":{"minecraft:netherite_boots":1,"minecraft:golden_leggings":2,"minecraft:torch":13,"minecraft:gravel":22,"minecraft:potion":1,"minecraft:flint":4,"tombstone:grave_key":1,"minecraft:oak_log":48,"minecraft:netherite_pickaxe":2,"minecraft:dirt":8,"biomesoplenty:maple_sapling":1,"minecraft:wheat_seeds":7,"minecraft:iron_ingot":32,"nethersdelight:hoglin_sirloin":67,"minecraft:netherite_chestplate":1,"alexsmobs:raccoon_tail":1,"minecraft:oak_sapling":3,"minecraft:cobblestone":53},"minecraft:dropped":{"nethersdelight:hoglin_sirloin":30,"tombstone:grave_key":1,"minecraft:oak_sapling":1,"minecraft:cobblestone":49,"minecraft:potion":1,"minecraft:oak_planks":97,"minecraft:stone_pickaxe":1,"minecraft:wooden_pickaxe":1},"minecraft:crafted":{"minecraft:wooden_sword":1,"minecraft:oak_planks":128,"minecraft:stone_shovel":1,"minecraft:golden_leggings":1,"minecraft:shield":1,"minecraft:iron_axe":1,"minecraft:crafting_table":2,"minecraft:stick":12,"minecraft:wooden_pickaxe":1,"minecraft:stone_pickaxe":1,"minecraft:iron_sword":1,"minecraft:iron_leggings":1},"minecraft:killed_by":{"minecraft:creeper":1},"minecraft:mined":{"biomesoplenty:maple_leaves":2,"minecraft:grass":5,"minecraft:grass_block":9,"minecraft:oak_log":45,"minecraft:dirt":6,"minecraft:gravel":27,"minecraft:stone":44,"minecraft:oak_leaves":3,"minecraft:fern":3},"minecraft:broken":{"minecraft:golden_leggings":1},"minecraft:killed":{"minecraft:zombie":2,"alexsmobs:raccoon":1}},"DataVersion":3120}