{"stats":{"minecraft:picked_up":{"minecraft:fishing_rod":4,"minecraft:crafting_table":8,"minecraft:string":1,"minecraft:raw_copper":19,"minecraft:cooked_salmon":20,"minecraft:beetroot":1,"minecraft:cobbled_deepslate":13,"minecraft:spruce_planks":1,"minecraft:beef":8,"minecraft:player_head":3,"minecraft:sugar_cane":83,"farmersdelight:cabbage_seeds":6,"minecraft:furnace":3,"minecraft:stick":7,"minecraft:raw_iron":93,"minecraft:sandstone":7,"minecraft:torch":1,"gemsnjewels:opal":4,"tombstone:grave_dust":5,"minecraft:carrot":14,"gemsnjewels:emerald":3,"minecraft:arrow":6,"minecraft:rotten_flesh":28,"minecraft:beetroot_seeds":4,"minecraft:cobblestone":111,"alexsmobs:lobster_tail":1,"minecraft:leather_chestplate":1,"minecraft:leather":6,"minecraft:smoker":2,"minecraft:tuff":2,"minecraft:oak_log":21,"supplementaries:flax_seeds":4,"minecraft:cobblestone_stairs":1,"minecraft:lapis_lazuli":33,"minecraft:dirt":6,"minecraft:bone":7,"minecraft:apple":1,"minecraft:wheat_seeds":2,"minecraft:raw_gold":7,"minecraft:oak_planks":1,"minecraft:sand":14,"minecraft:blast_furnace":2,"minecraft:spruce_log":64,"minecraft:spider_eye":2,"minecraft:spruce_door":5,"minecraft:diamond":9,"minecraft:granite":1,"alexsmobs:maggot":1,"tombstone:magic_scroll":2,"minecraft:oak_sapling":9,"minecraft:coal":48},"minecraft:dropped":{"minecraft:wheat_seeds":2,"gemsnjewels:diamond_set_gold_ring":1,"minecraft:dirt":5,"minecraft:cooked_salmon":20,"minecraft:sand":3,"minecraft:bone":1,"minecraft:stone_axe":1,"minecraft:stone_sword":1,"minecraft:raw_copper":19,"minecraft:tuff":2,"minecraft:stone_shovel":1,"minecraft:rotten_flesh":8,"supplementaries:flax_seeds":4,"minecraft:beetroot_seeds":4,"minecraft:wooden_shovel":1,"minecraft:sandstone":4,"minecraft:stone_pickaxe":1,"minecraft:wooden_pickaxe":1},"minecraft:used":{"minecraft:beetroot":1,"minecraft:stone_sword":136,"minecraft:stone_shovel":13,"minecraft:spruce_planks":4,"minecraft:shield":29,"minecraft:wooden_shovel":5,"minecraft:cooked_salmon":7,"minecraft:player_head":2,"minecraft:rotten_flesh":1,"minecraft:iron_chestplate":1,"minecraft:torch":51,"minecraft:dirt":1,"minecraft:granite":1,"minecraft:spruce_boat":1,"minecraft:iron_axe":1,"minecraft:iron_helmet":1,"minecraft:iron_boots":1,"minecraft:furnace":2,"minecraft:cooked_cod":4,"tombstone:gift":2,"minecraft:iron_leggings":1,"minecraft:cobblestone_stairs":1,"minecraft:spruce_door":5,"minecraft:stone_pickaxe":143,"minecraft:oak_planks":1,"minecraft:wooden_pickaxe":11,"minecraft:sandstone":3,"minecraft:sand":11,"minecraft:crafting_table":8,"minecraft:blast_furnace":3,"minecraft:spruce_log":2,"minecraft:smoker":2,"minecraft:oak_log":5,"minecraft:apple":1,"minecraft:oak_button":1,"minecraft:iron_pickaxe":136,"minecraft:stone_axe":100,"minecraft:cobblestone":14},"minecraft:killed_by":{"minecraft:skeleton":1},"minecraft:custom":{"lootr:looted_stat":4,"minecraft:mob_kills":40,"minecraft:interact_with_crafting_table":34,"minecraft:leave_game":2,"minecraft:time_since_death":37244,"minecraft:climb_one_cm":654,"minecraft:sprint_one_cm":169526,"minecraft:walk_one_cm":141914,"minecraft:damage_blocked_by_shield":1220,"minecraft:drop":27,"minecraft:play_time":87518,"minecraft:deaths":1,"minecraft:sneak_time":2326,"minecraft:walk_under_water_one_cm":23960,"minecraft:jump":1183,"minecraft:interact_with_blast_furnace":14,"minecraft:walk_on_water_one_cm":31978,"minecraft:total_world_time":87518,"minecraft:interact_with_furnace":10,"minecraft:time_since_rest":37034,"minecraft:damage_taken":609,"minecraft:damage_dealt":6589,"minecraft:swim_one_cm":63177,"minecraft:fly_one_cm":351991,"minecraft:crouch_one_cm":3465,"tombstone:undead_killed":31,"minecraft:interact_with_smoker":13,"minecraft:fall_one_cm":24214},"minecraft:broken":{"minecraft:stone_pickaxe":1},"minecraft:killed":{"alexsmobs:lobster":1,"minecraft:spider":2,"minecraft:skeleton":4,"minecraft:zombie":27,"minecraft:cow":4},"minecraft:crafted":{"minecraft:oak_planks":32,"minecraft:smooth_stone":6,"minecraft:stone_shovel":1,"minecraft:fishing_rod":3,"gemsnjewels:diamond_set_gold_ring":1,"minecraft:furnace":3,"minecraft:blast_furnace":1,"minecraft:stone":6,"minecraft:iron_boots":1,"minecraft:iron_axe":1,"minecraft:stone_pickaxe":2,"minecraft:oak_button":1,"minecraft:spruce_boat":1,"quark:spruce_chest":1,"minecraft:smoker":2,"minecraft:cooked_cod":15,"minecraft:wooden_shovel":1,"sophisticatedbackpacks:backpack":1,"minecraft:crafting_table":1,"minecraft:spruce_planks":132,"minecraft:wooden_pickaxe":1,"minecraft:iron_helmet":1,"minecraft:iron_sword":1,"minecraft:spruce_door":3,"minecraft:cooked_salmon":27,"minecraft:stone_axe":1,"minecraft:air":0,"minecraft:iron_chestplate":1,"minecraft:gold_nugget":9,"minecraft:shield":1,"minecraft:stick":40,"minecraft:iron_pickaxe":1,"minecraft:iron_ingot":29,"minecraft:stone_sword":1,"minecraft:iron_leggings":1,"minecraft:gold_ingot":4,"minecraft:torch":60},"minecraft:mined":{"minecraft:tuff":1,"minecraft:spruce_planks":1,"minecraft:deepslate_diamond_ore":9,"minecraft:cobblestone_stairs":1,"farmersdelight:wild_carrots":14,"minecraft:grass_block":2,"gemsnjewels:emerald_deepslate_ore_block":3,"farmersdelight:wild_cabbages":6,"minecraft:sandstone":7,"minecraft:furnace":3,"minecraft:iron_ore":32,"minecraft:deepslate_iron_ore":61,"minecraft:stone":91,"minecraft:smoker":2,"minecraft:spruce_door":3,"minecraft:crafting_table":8,"minecraft:torch":1,"minecraft:blast_furnace":2,"supplementaries:wild_flax":4,"minecraft:copper_ore":4,"minecraft:cobblestone":12,"minecraft:lapis_ore":5,"minecraft:deepslate_gold_ore":7,"minecraft:sugar_cane":36,"minecraft:oak_planks":1,"supplementaries:urn":1,"farmersdelight:wild_beetroots":5,"farmersdelight:sandy_shrub":2,"gemsnjewels:opal_deepslate_ore_block":4,"minecraft:spruce_log":64,"minecraft:grass":6,"minecraft:oak_log":21,"minecraft:coal_ore":33,"minecraft:sand":14,"minecraft:dirt":4,"minecraft:oak_button":1,"minecraft:deepslate":13}},"DataVersion":3120}