{"stats":{"minecraft:killed":{"alexsmobs:lobster":1,"minecraft:spider":2,"minecraft:skeleton":4,"minecraft:zombie":25,"minecraft:cow":4},"minecraft:dropped":{"minecraft:wheat_seeds":2,"minecraft:dirt":5,"minecraft:sand":3,"minecraft:raw_copper":19,"minecraft:rotten_flesh":8,"supplementaries:flax_seeds":4,"minecraft:beetroot_seeds":4,"minecraft:wooden_shovel":1,"minecraft:sandstone":4,"minecraft:wooden_pickaxe":1},"minecraft:crafted":{"minecraft:smooth_stone":6,"minecraft:oak_planks":32,"minecraft:stone_shovel":1,"minecraft:fishing_rod":3,"minecraft:furnace":3,"minecraft:blast_furnace":1,"minecraft:stone":6,"minecraft:iron_boots":1,"minecraft:stone_pickaxe":2,"minecraft:oak_button":1,"minecraft:spruce_boat":1,"quark:spruce_chest":1,"minecraft:smoker":2,"minecraft:cooked_cod":15,"minecraft:wooden_shovel":1,"sophisticatedbackpacks:backpack":1,"minecraft:crafting_table":1,"minecraft:spruce_planks":132,"minecraft:wooden_pickaxe":1,"minecraft:iron_helmet":1,"minecraft:spruce_door":3,"minecraft:cooked_salmon":27,"minecraft:stone_axe":1,"minecraft:air":0,"minecraft:iron_chestplate":1,"minecraft:shield":1,"minecraft:stick":40,"minecraft:iron_ingot":9,"minecraft:iron_pickaxe":1,"minecraft:stone_sword":1,"minecraft:iron_leggings":1,"minecraft:torch":60},"minecraft:custom":{"lootr:looted_stat":4,"minecraft:mob_kills":38,"minecraft:interact_with_crafting_table":29,"minecraft:time_since_death":15513,"minecraft:climb_one_cm":654,"minecraft:sprint_one_cm":142448,"minecraft:walk_one_cm":120044,"minecraft:damage_blocked_by_shield":1220,"minecraft:drop":18,"minecraft:play_time":65787,"minecraft:deaths":1,"minecraft:sneak_time":1798,"minecraft:walk_under_water_one_cm":16689,"minecraft:jump":1040,"minecraft:interact_with_blast_furnace":3,"minecraft:walk_on_water_one_cm":29026,"minecraft:total_world_time":65787,"minecraft:interact_with_furnace":10,"minecraft:time_since_rest":15303,"minecraft:damage_taken":599,"minecraft:damage_dealt":6190,"minecraft:swim_one_cm":33811,"minecraft:fly_one_cm":330866,"minecraft:crouch_one_cm":2861,"tombstone:undead_killed":29,"minecraft:interact_with_smoker":13,"minecraft:fall_one_cm":21797},"minecraft:used":{"minecraft:beetroot":1,"minecraft:stone_sword":127,"minecraft:stone_shovel":13,"minecraft:spruce_planks":4,"minecraft:shield":29,"minecraft:wooden_shovel":5,"minecraft:cooked_salmon":7,"minecraft:player_head":2,"minecraft:rotten_flesh":1,"minecraft:iron_chestplate":1,"minecraft:torch":45,"minecraft:dirt":1,"minecraft:granite":1,"minecraft:spruce_boat":1,"minecraft:iron_helmet":1,"minecraft:iron_boots":1,"minecraft:furnace":2,"minecraft:cooked_cod":2,"tombstone:gift":2,"minecraft:iron_leggings":1,"minecraft:cobblestone_stairs":1,"minecraft:spruce_door":3,"minecraft:stone_pickaxe":143,"minecraft:oak_planks":1,"minecraft:wooden_pickaxe":11,"minecraft:sandstone":3,"minecraft:sand":11,"minecraft:crafting_table":6,"minecraft:blast_furnace":1,"minecraft:spruce_log":2,"minecraft:smoker":2,"minecraft:oak_log":5,"minecraft:apple":1,"minecraft:oak_button":1,"minecraft:iron_pickaxe":84,"minecraft:stone_axe":98,"minecraft:cobblestone":3},"minecraft:killed_by":{"minecraft:skeleton":1},"minecraft:picked_up":{"minecraft:fishing_rod":4,"minecraft:crafting_table":7,"minecraft:string":1,"minecraft:raw_copper":19,"minecraft:beetroot":1,"minecraft:cobbled_deepslate":5,"minecraft:spruce_planks":1,"minecraft:beef":8,"minecraft:player_head":3,"minecraft:sugar_cane":83,"farmersdelight:cabbage_seeds":6,"minecraft:furnace":3,"minecraft:stick":7,"minecraft:raw_iron":76,"minecraft:sandstone":7,"minecraft:torch":1,"gemsnjewels:opal":2,"tombstone:grave_dust":5,"minecraft:carrot":14,"gemsnjewels:emerald":2,"minecraft:arrow":6,"minecraft:rotten_flesh":25,"minecraft:beetroot_seeds":4,"alexsmobs:lobster_tail":1,"minecraft:cobblestone":100,"minecraft:leather_chestplate":1,"minecraft:leather":6,"minecraft:smoker":2,"minecraft:oak_log":21,"supplementaries:flax_seeds":4,"minecraft:cobblestone_stairs":1,"minecraft:lapis_lazuli":33,"minecraft:dirt":6,"minecraft:bone":6,"minecraft:apple":1,"minecraft:wheat_seeds":2,"minecraft:raw_gold":4,"minecraft:oak_planks":1,"minecraft:sand":14,"minecraft:blast_furnace":1,"minecraft:spruce_log":64,"minecraft:spruce_door":3,"minecraft:spider_eye":2,"minecraft:diamond":1,"minecraft:granite":1,"alexsmobs:maggot":1,"tombstone:magic_scroll":2,"minecraft:oak_sapling":9,"minecraft:coal":35},"minecraft:mined":{"minecraft:spruce_planks":1,"minecraft:deepslate_diamond_ore":1,"minecraft:cobblestone_stairs":1,"farmersdelight:wild_carrots":14,"minecraft:grass_block":2,"gemsnjewels:emerald_deepslate_ore_block":2,"farmersdelight:wild_cabbages":6,"minecraft:sandstone":7,"minecraft:furnace":3,"minecraft:iron_ore":32,"minecraft:deepslate_iron_ore":44,"minecraft:stone":91,"minecraft:smoker":2,"minecraft:spruce_door":1,"minecraft:crafting_table":7,"minecraft:torch":1,"minecraft:blast_furnace":1,"supplementaries:wild_flax":4,"minecraft:copper_ore":4,"minecraft:cobblestone":1,"minecraft:lapis_ore":5,"minecraft:deepslate_gold_ore":4,"minecraft:sugar_cane":36,"minecraft:oak_planks":1,"supplementaries:urn":1,"farmersdelight:wild_beetroots":5,"farmersdelight:sandy_shrub":2,"gemsnjewels:opal_deepslate_ore_block":2,"minecraft:spruce_log":64,"minecraft:grass":6,"minecraft:oak_log":21,"minecraft:coal_ore":33,"minecraft:sand":14,"minecraft:dirt":4,"minecraft:oak_button":1,"minecraft:deepslate":5},"minecraft:broken":{"minecraft:stone_pickaxe":1}},"DataVersion":3120}