{"stats":{"minecraft:picked_up":{"minecraft:fishing_rod":4,"minecraft:crafting_table":12,"minecraft:string":1,"minecraft:raw_copper":19,"minecraft:cooked_salmon":20,"minecraft:beetroot":1,"minecraft:cobbled_deepslate":15,"minecraft:spruce_planks":1,"minecraft:beef":8,"minecraft:player_head":3,"supplementaries:cage":1,"minecraft:sugar_cane":83,"farmersdelight:cabbage_seeds":6,"minecraft:furnace":4,"minecraft:stick":7,"minecraft:raw_iron":111,"minecraft:sandstone":7,"minecraft:torch":3,"gemsnjewels:ruby":1,"gemsnjewels:opal":4,"tombstone:grave_dust":5,"minecraft:carrot":14,"gemsnjewels:emerald":3,"minecraft:arrow":6,"minecraft:rotten_flesh":29,"minecraft:beetroot_seeds":4,"alexsmobs:lobster_tail":1,"minecraft:cobblestone":111,"minecraft:leather_chestplate":2,"minecraft:leather":6,"minecraft:smoker":2,"minecraft:tuff":2,"minecraft:oak_log":21,"supplementaries:flax_seeds":4,"minecraft:cobblestone_stairs":1,"minecraft:lapis_lazuli":33,"minecraft:dirt":6,"minecraft:bone":7,"minecraft:apple":1,"minecraft:wheat_seeds":2,"minecraft:raw_gold":7,"minecraft:oak_planks":1,"minecraft:sand":14,"minecraft:blast_furnace":4,"minecraft:spruce_log":64,"minecraft:spruce_door":5,"minecraft:spider_eye":2,"minecraft:diamond":9,"minecraft:granite":1,"alexsmobs:maggot":1,"tombstone:magic_scroll":2,"minecraft:oak_sapling":9,"minecraft:coal":52},"minecraft:dropped":{"sophisticatedbackpacks:iron_backpack":1,"gemsnjewels:solid_opal_pickaxe":1,"minecraft:iron_sword":1,"minecraft:wheat_seeds":2,"minecraft:iron_helmet":1,"gemsnjewels:diamond_set_gold_ring":1,"minecraft:dirt":5,"minecraft:cooked_salmon":20,"gemsnjewels:ruby_set_gold_ring":1,"minecraft:iron_leggings":1,"minecraft:sand":3,"minecraft:iron_axe":1,"minecraft:iron_pickaxe":1,"minecraft:bone":1,"minecraft:stone_axe":1,"minecraft:stone_sword":1,"minecraft:raw_copper":19,"gemsnjewels:solid_emerald_pickaxe":1,"minecraft:tuff":2,"minecraft:stone_shovel":1,"minecraft:rotten_flesh":8,"minecraft:iron_boots":1,"gemsnjewels:opal_set_gold_ring":1,"supplementaries:flax_seeds":4,"minecraft:leather_chestplate":2,"minecraft:iron_chestplate":1,"minecraft:beetroot_seeds":4,"minecraft:wooden_shovel":1,"minecraft:sandstone":4,"minecraft:wooden_pickaxe":1,"minecraft:stone_pickaxe":1},"minecraft:used":{"minecraft:beetroot":1,"minecraft:stone_sword":136,"minecraft:stone_shovel":13,"minecraft:spruce_planks":4,"minecraft:shield":29,"minecraft:iron_sword":5,"minecraft:wooden_shovel":5,"minecraft:cooked_salmon":7,"minecraft:player_head":2,"minecraft:rotten_flesh":1,"minecraft:iron_chestplate":1,"minecraft:torch":55,"minecraft:dirt":1,"minecraft:granite":1,"minecraft:spruce_boat":1,"minecraft:iron_axe":5,"minecraft:iron_helmet":1,"minecraft:iron_boots":1,"minecraft:cooked_cod":7,"minecraft:furnace":3,"tombstone:gift":2,"minecraft:cobbled_deepslate":10,"minecraft:iron_leggings":1,"minecraft:cobblestone_stairs":1,"minecraft:spruce_door":5,"minecraft:stone_pickaxe":143,"minecraft:oak_planks":1,"minecraft:wooden_pickaxe":11,"minecraft:sandstone":3,"minecraft:sand":11,"minecraft:crafting_table":13,"minecraft:blast_furnace":4,"minecraft:spruce_log":2,"minecraft:smoker":2,"minecraft:oak_log":5,"minecraft:apple":1,"supplementaries:cage":2,"minecraft:oak_button":1,"minecraft:iron_pickaxe":143,"minecraft:stone_axe":100,"minecraft:cobblestone":14},"minecraft:killed_by":{"minecraft:skeleton":1},"minecraft:custom":{"lootr:looted_stat":4,"minecraft:mob_kills":41,"minecraft:interact_with_crafting_table":52,"goblintraders:trade_with_goblin":18,"minecraft:leave_game":3,"minecraft:time_since_death":48671,"minecraft:climb_one_cm":654,"minecraft:sprint_one_cm":184210,"minecraft:walk_one_cm":161282,"minecraft:damage_blocked_by_shield":1220,"minecraft:drop":41,"minecraft:play_time":98945,"minecraft:deaths":1,"minecraft:sneak_time":2613,"minecraft:walk_under_water_one_cm":26436,"minecraft:jump":1276,"minecraft:interact_with_blast_furnace":24,"minecraft:walk_on_water_one_cm":35128,"minecraft:total_world_time":98945,"minecraft:interact_with_furnace":12,"minecraft:time_since_rest":48461,"minecraft:damage_taken":728,"minecraft:damage_dealt":6847,"minecraft:swim_one_cm":63177,"minecraft:fly_one_cm":367942,"minecraft:crouch_one_cm":5083,"tombstone:undead_killed":32,"minecraft:interact_with_smoker":13,"minecraft:fall_one_cm":25677},"minecraft:broken":{"minecraft:stone_pickaxe":1},"minecraft:killed":{"alexsmobs:lobster":1,"minecraft:spider":2,"minecraft:skeleton":4,"minecraft:zombie":28,"minecraft:cow":4},"minecraft:crafted":{"minecraft:smooth_stone":6,"minecraft:oak_planks":32,"minecraft:stone_shovel":1,"minecraft:fishing_rod":3,"gemsnjewels:diamond_set_gold_ring":1,"minecraft:furnace":3,"minecraft:blast_furnace":2,"minecraft:stone":6,"minecraft:iron_bars":16,"minecraft:iron_boots":2,"minecraft:iron_axe":2,"minecraft:spruce_slab":6,"minecraft:stone_pickaxe":2,"minecraft:oak_button":1,"minecraft:spruce_boat":1,"quark:spruce_chest":2,"minecraft:smoker":2,"sophisticatedbackpacks:iron_backpack":1,"minecraft:cooked_cod":15,"minecraft:wooden_shovel":1,"sophisticatedbackpacks:backpack":2,"minecraft:crafting_table":1,"minecraft:spruce_planks":132,"minecraft:iron_helmet":2,"minecraft:wooden_pickaxe":1,"minecraft:iron_sword":2,"minecraft:spruce_door":3,"supplementaries:cage":2,"minecraft:cooked_salmon":27,"gemsnjewels:solid_emerald_pickaxe":1,"minecraft:stone_axe":1,"minecraft:air":0,"gemsnjewels:emerald_set_gold_ring":1,"gemsnjewels:solid_opal_pickaxe":1,"minecraft:iron_chestplate":2,"minecraft:gold_nugget":18,"minecraft:shield":1,"minecraft:stick":40,"minecraft:iron_ingot":111,"minecraft:iron_pickaxe":2,"minecraft:stone_sword":1,"gemsnjewels:ruby_set_gold_ring":1,"minecraft:iron_leggings":2,"minecraft:gold_ingot":7,"gemsnjewels:opal_set_gold_ring":2,"minecraft:torch":60},"minecraft:mined":{"minecraft:tuff":1,"minecraft:spruce_planks":1,"minecraft:deepslate_diamond_ore":9,"minecraft:cobblestone_stairs":1,"farmersdelight:wild_carrots":14,"minecraft:grass_block":2,"gemsnjewels:emerald_deepslate_ore_block":3,"farmersdelight:wild_cabbages":6,"minecraft:sandstone":7,"minecraft:furnace":4,"minecraft:iron_ore":32,"minecraft:cobbled_deepslate":1,"minecraft:deepslate_iron_ore":61,"minecraft:stone":91,"minecraft:smoker":2,"minecraft:spruce_door":3,"minecraft:crafting_table":12,"gemsnjewels:ruby_deepslate_ore_block":1,"minecraft:torch":3,"minecraft:blast_furnace":4,"supplementaries:wild_flax":4,"minecraft:copper_ore":4,"minecraft:cobblestone":12,"minecraft:lapis_ore":5,"minecraft:deepslate_gold_ore":7,"minecraft:sugar_cane":36,"minecraft:oak_planks":1,"supplementaries:cage":1,"supplementaries:urn":1,"farmersdelight:wild_beetroots":5,"farmersdelight:sandy_shrub":2,"gemsnjewels:opal_deepslate_ore_block":4,"minecraft:spruce_log":64,"minecraft:grass":6,"minecraft:oak_log":21,"minecraft:coal_ore":33,"minecraft:sand":14,"minecraft:dirt":4,"minecraft:oak_button":1,"minecraft:deepslate":14}},"DataVersion":3120}