{"stats":{"minecraft:killed":{"minecraft:zombie":6,"minecraft:cow":4},"minecraft:dropped":{"minecraft:wheat_seeds":2,"minecraft:rotten_flesh":7,"minecraft:dirt":5,"supplementaries:flax_seeds":4,"minecraft:beetroot_seeds":4,"minecraft:wooden_shovel":1,"minecraft:wooden_pickaxe":1},"minecraft:crafted":{"minecraft:cooked_cod":15,"minecraft:oak_planks":32,"minecraft:wooden_shovel":1,"minecraft:stone_shovel":1,"minecraft:crafting_table":1,"minecraft:spruce_planks":124,"minecraft:wooden_pickaxe":1,"minecraft:spruce_door":3,"minecraft:furnace":1,"minecraft:cooked_salmon":27,"minecraft:stone_axe":1,"minecraft:air":0,"minecraft:stick":40,"minecraft:stone_pickaxe":1,"minecraft:stone_sword":1,"minecraft:oak_button":1,"minecraft:torch":4,"minecraft:smoker":2},"minecraft:custom":{"lootr:looted_stat":4,"minecraft:mob_kills":10,"minecraft:interact_with_crafting_table":11,"minecraft:time_since_death":29787,"minecraft:climb_one_cm":630,"minecraft:time_since_rest":29787,"minecraft:sprint_one_cm":84607,"minecraft:walk_one_cm":53029,"minecraft:damage_taken":225,"minecraft:drop":14,"minecraft:damage_dealt":1599,"minecraft:swim_one_cm":19055,"minecraft:fly_one_cm":149306,"minecraft:crouch_one_cm":541,"minecraft:play_time":29787,"tombstone:undead_killed":6,"minecraft:sneak_time":542,"minecraft:walk_under_water_one_cm":6746,"minecraft:jump":592,"minecraft:walk_on_water_one_cm":11011,"minecraft:total_world_time":29787,"minecraft:interact_with_smoker":13,"minecraft:fall_one_cm":11576},"minecraft:used":{"minecraft:beetroot":1,"minecraft:spruce_door":3,"minecraft:stone_sword":15,"minecraft:cobblestone_stairs":1,"minecraft:stone_pickaxe":26,"minecraft:spruce_planks":4,"minecraft:wooden_pickaxe":11,"minecraft:wooden_shovel":5,"minecraft:cooked_salmon":5,"minecraft:rotten_flesh":1,"minecraft:dirt":1,"minecraft:sand":1,"minecraft:crafting_table":3,"minecraft:smoker":2,"minecraft:spruce_log":2,"minecraft:oak_log":5,"minecraft:apple":1,"minecraft:oak_button":1,"minecraft:stone_axe":90},"minecraft:picked_up":{"minecraft:fishing_rod":1,"minecraft:crafting_table":3,"minecraft:leather":6,"minecraft:smoker":2,"minecraft:oak_log":21,"supplementaries:flax_seeds":4,"minecraft:cobblestone_stairs":1,"minecraft:lapis_lazuli":33,"minecraft:dirt":6,"minecraft:beetroot":1,"minecraft:apple":1,"minecraft:wheat_seeds":2,"minecraft:beef":8,"minecraft:player_head":1,"minecraft:sugar_cane":83,"farmersdelight:cabbage_seeds":6,"minecraft:furnace":1,"minecraft:stick":7,"minecraft:sand":1,"minecraft:carrot":14,"minecraft:spruce_log":62,"minecraft:spruce_door":3,"minecraft:rotten_flesh":8,"minecraft:beetroot_seeds":4,"tombstone:magic_scroll":1,"minecraft:oak_sapling":9,"minecraft:coal":8,"minecraft:cobblestone":20},"minecraft:mined":{"minecraft:smoker":2,"minecraft:cobblestone_stairs":1,"farmersdelight:wild_carrots":14,"minecraft:spruce_door":1,"minecraft:crafting_table":3,"minecraft:grass_block":2,"supplementaries:wild_flax":4,"minecraft:cobblestone":1,"farmersdelight:wild_cabbages":6,"minecraft:lapis_ore":5,"minecraft:sugar_cane":36,"farmersdelight:wild_beetroots":5,"farmersdelight:sandy_shrub":2,"minecraft:furnace":1,"minecraft:spruce_log":62,"minecraft:grass":6,"minecraft:coal_ore":8,"minecraft:oak_log":21,"minecraft:dirt":4,"minecraft:sand":1,"minecraft:oak_button":1,"minecraft:stone":19}},"DataVersion":3120}