{"stats":{"minecraft:picked_up":{"minecraft:flower_pot":1,"minecraft:anvil":2,"minecraft:string":12,"gemsnjewels:sapphire":29,"minecraft:raw_copper":36,"minecraft:cooked_salmon":20,"minecraft:beetroot":1,"alexsmobs:dropbear_claw":1,"alexsmobs:blood_sac":1,"minecraft:cobbled_deepslate":100,"minecraft:spruce_planks":63,"farmersdelight:cabbage_seeds":6,"minecraft:furnace":8,"minecraft:golden_helmet":1,"gemsnjewels:iolite":11,"minecraft:stick":45,"minecraft:torch":15,"minecraft:green_bed":2,"minecraft:spruce_stairs":2,"minecraft:porkchop":19,"gemsnjewels:amethyst":27,"gemsnjewels:opal":25,"minecraft:pointed_dripstone":2,"tombstone:grave_dust":10,"minecraft:diorite":3,"gemsnjewels:black_opal":14,"minecraft:cauldron":2,"gemsnjewels:emerald":20,"minecraft:rotten_flesh":79,"minecraft:red_tulip":1,"supplementaries:ash":30,"minecraft:blaze_rod":17,"minecraft:cobblestone":163,"alexsmobs:lobster_tail":1,"minecraft:leather_chestplate":2,"minecraft:andesite":3,"minecraft:smoker":6,"alexsmobs:bear_fur":1,"minecraft:flint":1,"minecraft:tuff":8,"supplementaries:flax_seeds":12,"minecraft:dirt":54,"minecraft:lapis_lazuli":190,"farmersdelight:tomato":1,"minecraft:bone":58,"minecraft:chipped_anvil":1,"minecraft:bow":1,"minecraft:wheat_seeds":7,"minecraft:raw_gold":32,"gemsnjewels:pale_diamond":14,"minecraft:grindstone":1,"minecraft:fletching_table":4,"minecraft:oak_planks":38,"gemsnjewels:alexandrite":70,"minecraft:warped_wart_block":1,"minecraft:sand":14,"alexsmobs:animal_dictionary":1,"artifacts:plastic_drinking_hat":1,"minecraft:bundle":1,"minecraft:diamond":13,"minecraft:spruce_boat":1,"artifacts:crystal_heart":1,"minecraft:crossbow":1,"minecraft:granite":4,"minecraft:spruce_sign":4,"minecraft:golden_horse_armor":2,"minecraft:emerald":5,"alexsmobs:maggot":3,"biomesoplenty:pink_daffodil":2,"minecraft:oak_sapling":9,"minecraft:netherrack":49,"minecraft:fishing_rod":4,"minecraft:crafting_table":16,"minecraft:nether_wart":430,"minecraft:clay_ball":28,"minecraft:brown_mushroom":18,"minecraft:gold_block":1,"minecraft:shield":1,"minecraft:oak_trapdoor":2,"minecraft:beef":8,"minecraft:player_head":3,"supplementaries:cage":5,"minecraft:sugar_cane":96,"minecraft:spruce_trapdoor":49,"minecraft:raw_iron":285,"minecraft:sandstone":7,"gemsnjewels:ruby":22,"gemsnjewels:tanzanite":3,"minecraft:carrot":14,"minecraft:redstone":3,"minecraft:arrow":40,"minecraft:beetroot_seeds":4,"minecraft:skeleton_skull":2,"minecraft:bone_block":8,"minecraft:basalt":3,"minecraft:leather":9,"minecraft:red_mushroom":8,"gemsnjewels:peridot":4,"minecraft:oak_log":150,"minecraft:golden_boots":1,"minecraft:gunpowder":8,"minecraft:cobblestone_stairs":1,"gemsnjewels:aquamarine":24,"minecraft:apple":6,"minecraft:rabbit_hide":4,"minecraft:iron_ingot":4,"tombstone:bag_of_seeds":1,"minecraft:oak_slab":15,"minecraft:sweet_berries":83,"biomesoplenty:spider_egg":1,"minecraft:spruce_sapling":28,"minecraft:blast_furnace":10,"minecraft:spruce_log":198,"minecraft:spider_eye":15,"minecraft:spruce_door":7,"biomesoplenty:maple_sapling":36,"minecraft:purple_bed":2,"tombstone:magic_scroll":2,"minecraft:damaged_anvil":1,"minecraft:coal":438,"minecraft:ender_pearl":2},"minecraft:dropped":{"sophisticatedbackpacks:iron_backpack":1,"gemsnjewels:solid_opal_pickaxe":1,"minecraft:iron_sword":1,"minecraft:cooked_porkchop":8,"artifacts:night_vision_goggles":1,"minecraft:dirt":5,"gemsnjewels:ruby_set_gold_ring":1,"minecraft:sand":3,"minecraft:iron_pickaxe":1,"minecraft:cauldron":2,"minecraft:bone":1,"minecraft:stone_axe":1,"minecraft:iron_nugget":1,"minecraft:wheat":14,"minecraft:rotten_flesh":12,"gemsnjewels:opal_set_gold_ring":1,"supplementaries:flax_seeds":12,"minecraft:leather_chestplate":2,"minecraft:beetroot_seeds":4,"minecraft:basalt":3,"minecraft:warped_wart_block":1,"minecraft:wheat_seeds":7,"minecraft:golden_horse_armor":2,"minecraft:iron_helmet":1,"minecraft:granite":1,"gemsnjewels:diamond_set_gold_ring":1,"farmersdelight:golden_knife":1,"minecraft:cooked_salmon":40,"minecraft:iron_leggings":1,"minecraft:golden_hoe":1,"minecraft:iron_axe":1,"alexsmobs:maggot":2,"minecraft:nether_wart":11,"minecraft:stone_sword":1,"minecraft:raw_copper":19,"gemsnjewels:solid_emerald_pickaxe":1,"minecraft:tuff":2,"minecraft:stone_shovel":1,"minecraft:iron_boots":1,"minecraft:iron_chestplate":1,"minecraft:wooden_shovel":1,"supplementaries:bubble_blower":1,"minecraft:sandstone":4,"minecraft:bow":1,"minecraft:wooden_pickaxe":1,"minecraft:stone_pickaxe":1,"minecraft:red_tulip":1,"farmersdelight:tomato":1,"supplementaries:flute":1},"minecraft:used":{"minecraft:beetroot":1,"minecraft:shield":65,"minecraft:iron_sword":162,"minecraft:player_head":2,"minecraft:rotten_flesh":5,"minecraft:iron_chestplate":1,"minecraft:tuff":6,"minecraft:axolotl_bucket":2,"minecraft:obsidian":19,"minecraft:spruce_boat":2,"minecraft:villager_spawn_egg":1,"alexsmobs:cooked_lobster_tail":1,"gemsnjewels:solid_alexandrite_pickaxe":213,"minecraft:iron_helmet":1,"minecraft:rabbit_stew":14,"minecraft:bow":3,"minecraft:furnace":5,"guardvillagers:guard_spawn_egg":13,"minecraft:cooked_cod":15,"minecraft:skeleton_skull":2,"minecraft:diorite":3,"minecraft:spruce_door":10,"minecraft:stone_pickaxe":143,"minecraft:oak_planks":314,"minecraft:wooden_pickaxe":11,"minecraft:sandstone":3,"minecraft:sand":11,"minecraft:blast_furnace":10,"minecraft:bread":6,"minecraft:lectern":1,"gemsnjewels:alexandrite_leggings":1,"minecraft:grindstone":1,"minecraft:smithing_table":1,"minecraft:andesite":3,"minecraft:golden_pickaxe":32,"minecraft:oak_trapdoor":7,"minecraft:flint_and_steel":1,"minecraft:enchanting_table":1,"minecraft:stone_sword":136,"minecraft:stone_shovel":13,"minecraft:spruce_planks":4,"minecraft:wooden_shovel":5,"minecraft:cooked_salmon":7,"minecraft:netherrack":25,"minecraft:torch":103,"minecraft:brewing_stand":1,"minecraft:dirt":49,"minecraft:anvil":1,"gemsnjewels:solid_alexandrite_sword":116,"minecraft:spruce_stairs":2,"minecraft:golden_shovel":32,"minecraft:granite":3,"minecraft:bookshelf":16,"quark:spruce_chest":2,"minecraft:iron_axe":429,"minecraft:iron_boots":1,"tombstone:gift":5,"minecraft:cooked_beef":7,"minecraft:cobbled_deepslate":37,"minecraft:iron_leggings":1,"minecraft:water_bucket":4,"minecraft:cobblestone_stairs":1,"minecraft:glass_bottle":3,"minecraft:spruce_sign":4,"minecraft:fletching_table":2,"minecraft:green_bed":2,"minecraft:oak_slab":161,"minecraft:crafting_table":18,"gemsnjewels:solid_alexandrite_axe":2,"minecraft:smoker":7,"minecraft:spruce_log":8,"tombstone:bag_of_seeds":2,"minecraft:oak_log":38,"minecraft:flower_pot":1,"minecraft:apple":1,"supplementaries:cage":20,"biomesoplenty:pink_daffodil":1,"minecraft:oak_button":1,"minecraft:iron_pickaxe":570,"minecraft:stone_axe":100,"minecraft:cobblestone":48,"minecraft:purple_bed":2,"minecraft:cooked_porkchop":10,"minecraft:porkchop":1,"minecraft:bucket":7,"quark:oak_chest":2,"minecraft:splash_potion":4},"minecraft:killed_by":{"minecraft:creeper":1,"minecraft:wolf":1,"minecraft:skeleton":1},"minecraft:custom":{"lootr:looted_stat":38,"minecraft:interact_with_crafting_table":92,"goblintraders:trade_with_goblin":189,"minecraft:leave_game":5,"minecraft:time_since_death":170087,"minecraft:sprint_one_cm":918023,"minecraft:damage_blocked_by_shield":2975,"minecraft:drop":78,"minecraft:talked_to_villager":99,"minecraft:play_time":421083,"minecraft:deaths":3,"minecraft:jump":4776,"minecraft:interact_with_brewingstand":11,"minecraft:walk_on_water_one_cm":48875,"minecraft:enchant_item":8,"minecraft:interact_with_furnace":14,"minecraft:traded_with_villager":283,"minecraft:sleep_in_bed":10,"minecraft:damage_dealt":24392,"minecraft:crouch_one_cm":20277,"tombstone:undead_killed":83,"minecraft:interact_with_smoker":26,"minecraft:interact_with_smithing_table":1,"minecraft:mob_kills":138,"minecraft:interact_with_anvil":2,"minecraft:climb_one_cm":1110,"minecraft:walk_one_cm":748551,"minecraft:sneak_time":9543,"minecraft:walk_under_water_one_cm":40506,"minecraft:interact_with_blast_furnace":41,"minecraft:total_world_time":421083,"tombstone:raider_killed":1,"minecraft:pot_flower":1,"minecraft:interact_with_grindstone":3,"minecraft:time_since_rest":2154,"minecraft:damage_taken":3534,"minecraft:swim_one_cm":86610,"minecraft:fly_one_cm":1405340,"minecraft:open_chest":84,"minecraft:fall_one_cm":107923},"minecraft:broken":{"minecraft:golden_shovel":1,"minecraft:stone_pickaxe":1,"minecraft:iron_axe":1,"minecraft:iron_pickaxe":1,"minecraft:golden_pickaxe":1},"minecraft:killed":{"alexsmobs:lobster":1,"minecraft:witch":1,"minecraft:spider":8,"minecraft:skeleton":22,"alexsmobs:straddler":2,"artifacts:mimic":2,"minecraft:piglin":2,"minecraft:pig":13,"minecraft:creeper":3,"alexsmobs:crimson_mosquito":1,"minecraft:zombie":59,"stalwart_dungeons:incomplete_wither":1,"alexsmobs:fly":1,"minecraft:blaze":5,"minecraft:cow":4,"alexsmobs:dropbear":1,"quark:toretoise":1,"quark:foxhound":2,"minecraft:bat":1,"minecraft:wither_skeleton":1,"minecraft:enderman":2},"minecraft:crafted":{"gemsnjewels:alexandrite_boots":1,"minecraft:smooth_stone":6,"minecraft:oak_planks":416,"minecraft:chainmail_helmet":2,"gemsnjewels:diamond_set_gold_ring":1,"minecraft:blaze_powder":4,"minecraft:cooked_chicken":96,"supplementaries:soap":6,"gemsnjewels:alexandrite_helmet":1,"minecraft:stone":6,"gemsnjewels:solid_alexandrite_axe":1,"minecraft:bookshelf":16,"minecraft:iron_bars":16,"minecraft:bow":1,"minecraft:iron_boots":2,"minecraft:raw_copper":36,"minecraft:oak_button":1,"supplementaries:flute":2,"minecraft:smoker":2,"minecraft:oak_slab":144,"minecraft:wooden_shovel":1,"sophisticatedbackpacks:backpack":2,"minecraft:emerald":212,"minecraft:cooked_porkchop":18,"minecraft:crafting_table":2,"minecraft:spruce_planks":784,"minecraft:wooden_pickaxe":1,"minecraft:iron_helmet":2,"minecraft:spruce_door":3,"supplementaries:cage":4,"minecraft:smithing_table":1,"minecraft:copper_ingot":120,"minecraft:brewing_stand":1,"gemsnjewels:solid_alexandrite_pickaxe":1,"gemsnjewels:emerald_set_gold_ring":1,"minecraft:lectern":1,"gemsnjewels:solid_opal_pickaxe":1,"minecraft:iron_chestplate":14,"minecraft:shield":4,"sophisticatedbackpacks:diamond_backpack":1,"minecraft:stick":1332,"quark:oak_chest":2,"minecraft:iron_ingot":419,"minecraft:iron_pickaxe":3,"minecraft:stone_sword":1,"minecraft:gold_ingot":170,"gemsnjewels:opal_set_gold_ring":2,"minecraft:coal":9,"minecraft:rabbit_stew":22,"minecraft:stone_shovel":1,"minecraft:fishing_rod":3,"minecraft:iron_nugget":9,"minecraft:furnace":3,"minecraft:blast_furnace":2,"minecraft:oak_trapdoor":10,"minecraft:leather":1,"minecraft:iron_axe":8,"minecraft:spruce_slab":18,"minecraft:stone_pickaxe":2,"minecraft:spruce_boat":3,"quark:spruce_chest":4,"gemsnjewels:alexandrite_set_gold_ring":3,"sophisticatedbackpacks:iron_backpack":2,"minecraft:cooked_beef":7,"minecraft:sugar":6,"minecraft:cooked_cod":15,"alexsmobs:cooked_lobster_tail":1,"minecraft:enchanting_table":1,"minecraft:iron_sword":2,"minecraft:cooked_salmon":27,"gemsnjewels:alexandrite_chestplate":1,"sophisticatedbackpacks:gold_backpack":1,"gemsnjewels:solid_alexandrite_sword":1,"gemsnjewels:solid_emerald_pickaxe":1,"minecraft:stone_axe":1,"minecraft:air":0,"quark:spruce_bookshelf":1,"minecraft:gold_nugget":36,"minecraft:raw_gold":63,"minecraft:fermented_spider_eye":6,"gemsnjewels:alexandrite_leggings":1,"supplementaries:bubble_blower":5,"gemsnjewels:ruby_set_gold_ring":1,"minecraft:iron_leggings":2,"minecraft:torch":84},"minecraft:mined":{"minecraft:spruce_planks":1,"minecraft:cobblestone_stairs":1,"minecraft:granite":3,"minecraft:spruce_trapdoor":50,"minecraft:grass_block":26,"gemsnjewels:emerald_deepslate_ore_block":10,"gemsnjewels:black_opal_nether_ore_block":5,"gemsnjewels:sapphire_ore_block":5,"minecraft:nether_wart":144,"minecraft:spawner":1,"minecraft:fire":1,"minecraft:iron_ore":80,"minecraft:cobbled_deepslate":2,"minecraft:deepslate_lapis_ore":5,"minecraft:fletching_table":4,"minecraft:anvil":2,"gemsnjewels:pale_diamond_deepslate_ore_block":6,"minecraft:pointed_dripstone":2,"minecraft:water_cauldron":2,"minecraft:dirt_path":1,"biomesoplenty:webbing":1,"minecraft:green_bed":2,"minecraft:brown_mushroom":8,"gemsnjewels:amethyst_ore_block":1,"gemsnjewels:pale_diamond_nether_ore_block":3,"minecraft:smoker":6,"biomesoplenty:blackstone_spines":1,"minecraft:clay":7,"gemsnjewels:ruby_deepslate_ore_block":10,"minecraft:torch":4,"minecraft:blast_furnace":10,"farmersdelight:brown_mushroom_colony":2,"supplementaries:wild_flax":4,"minecraft:cobblestone":30,"minecraft:sugar_cane":40,"minecraft:grindstone":1,"gemsnjewels:amethyst_deepslate_ore_block":9,"minecraft:oak_planks":28,"minecraft:damaged_anvil":1,"minecraft:wall_torch":1,"minecraft:spruce_sign":1,"farmersdelight:sandy_shrub":2,"gemsnjewels:opal_deepslate_ore_block":10,"gemsnjewels:sapphire_deepslate_ore_block":8,"biomesoplenty:maple_leaves":17,"minecraft:tnt":1,"gemsnjewels:emerald_nether_ore_block":3,"minecraft:grass":24,"minecraft:oak_log":151,"minecraft:sand":14,"minecraft:dirt":13,"minecraft:potted_red_tulip":1,"gemsnjewels:opal_ore_block":3,"minecraft:netherrack":50,"minecraft:deepslate":69,"gemsnjewels:amethyst_nether_ore_block":1,"minecraft:tuff":3,"minecraft:deepslate_diamond_ore":13,"farmersdelight:wild_carrots":14,"gemsnjewels:emerald_ore_block":2,"gemsnjewels:alexandrite_deepslate_ore_block":30,"farmersdelight:wild_cabbages":6,"minecraft:spruce_leaves":16,"minecraft:red_mushroom":3,"minecraft:sandstone":7,"farmersdelight:red_mushroom_colony":1,"minecraft:large_fern":6,"minecraft:oak_trapdoor":2,"minecraft:furnace":8,"gemsnjewels:aquamarine_deepslate_ore_block":10,"minecraft:andesite":3,"minecraft:gold_block":1,"minecraft:deepslate_iron_ore":127,"biomesoplenty:spider_egg":1,"minecraft:stone":123,"gemsnjewels:aquamarine_nether_ore_block":1,"minecraft:oak_slab":15,"minecraft:spruce_door":5,"minecraft:crafting_table":16,"minecraft:copper_ore":4,"minecraft:lapis_ore":13,"minecraft:deepslate_gold_ore":13,"minecraft:diorite":3,"supplementaries:cage":5,"minecraft:warped_wart_block":1,"supplementaries:urn":15,"minecraft:spruce_stairs":2,"farmersdelight:wild_beetroots":5,"minecraft:purple_bed":1,"gemsnjewels:tanzanite_nether_ore_block":1,"minecraft:sweet_berry_bush":32,"biomesoplenty:pink_daffodil":2,"minecraft:spruce_log":198,"gemsnjewels:alexandrite_nether_ore_block":4,"minecraft:coal_ore":208,"minecraft:gravel":1,"gemsnjewels:iolite_deepslate_ore_block":11,"biomesoplenty:stringy_cobweb":1,"minecraft:cobweb":1,"minecraft:oak_button":1,"minecraft:chipped_anvil":1,"minecraft:gold_ore":13,"minecraft:fern":16,"gemsnjewels:peridot_nether_ore_block":2}},"DataVersion":3120}