{"stats":{"minecraft:custom":{"lootr:looted_stat":69,"minecraft:interact_with_crafting_table":99,"goblintraders:trade_with_goblin":198,"minecraft:bell_ring":2,"minecraft:leave_game":8,"minecraft:time_since_death":435857,"minecraft:damage_resisted":4,"minecraft:sprint_one_cm":1441978,"minecraft:damage_blocked_by_shield":2975,"minecraft:drop":204,"minecraft:talked_to_villager":164,"minecraft:play_time":686853,"minecraft:deaths":3,"minecraft:jump":7075,"minecraft:interact_with_brewingstand":23,"tombstone:kill_undead_boss":2,"minecraft:walk_on_water_one_cm":50593,"minecraft:enchant_item":8,"minecraft:interact_with_furnace":15,"minecraft:traded_with_villager":470,"minecraft:sleep_in_bed":17,"minecraft:damage_dealt":64920,"minecraft:crouch_one_cm":38332,"tombstone:undead_killed":127,"minecraft:interact_with_smoker":26,"minecraft:interact_with_smithing_table":4,"minecraft:interact_with_anvil":6,"minecraft:mob_kills":360,"minecraft:climb_one_cm":2822,"minecraft:walk_one_cm":1246593,"minecraft:damage_dealt_absorbed":154,"minecraft:raid_win":1,"minecraft:sneak_time":18416,"minecraft:walk_under_water_one_cm":42715,"minecraft:boat_one_cm":61940,"minecraft:interact_with_blast_furnace":43,"minecraft:total_world_time":686853,"tombstone:raider_killed":63,"minecraft:raid_trigger":1,"minecraft:pot_flower":1,"minecraft:interact_with_grindstone":3,"minecraft:time_since_rest":33649,"minecraft:damage_absorbed":32,"minecraft:damage_taken":7922,"minecraft:swim_one_cm":89906,"minecraft:fly_one_cm":2280556,"minecraft:open_chest":162,"minecraft:fall_one_cm":159092},"minecraft:used":{"minecraft:beetroot":1,"sophisticatedbackpacks:copper_backpack":2,"minecraft:poppy":9,"minecraft:shield":65,"minecraft:iron_sword":162,"minecraft:rotten_flesh":5,"twilightforest:canopy_sapling":1,"minecraft:player_head":2,"minecraft:iron_chestplate":1,"minecraft:carrot":2,"minecraft:tuff":6,"minecraft:axolotl_bucket":3,"minecraft:obsidian":19,"minecraft:milk_bucket":1,"minecraft:spruce_boat":4,"sophisticatedbackpacks:diamond_backpack":2,"minecraft:lava_bucket":1,"minecraft:villager_spawn_egg":1,"alexsmobs:cooked_lobster_tail":1,"gemsnjewels:solid_alexandrite_pickaxe":467,"minecraft:iron_helmet":1,"twilightforest:nagastone":3,"minecraft:rabbit_stew":45,"minecraft:bow":267,"guardvillagers:guard_spawn_egg":23,"minecraft:furnace":5,"minecraft:cooked_cod":15,"minecraft:skeleton_skull":2,"minecraft:egg":3,"minecraft:diorite":3,"minecraft:spruce_door":11,"minecraft:stone_pickaxe":143,"minecraft:oak_planks":326,"minecraft:blackstone":3,"minecraft:wooden_pickaxe":11,"minecraft:sandstone":3,"minecraft:golden_apple":1,"minecraft:sand":11,"minecraft:blast_furnace":10,"minecraft:bread":6,"minecraft:lectern":1,"gemsnjewels:alexandrite_leggings":1,"minecraft:fire_charge":1,"minecraft:grindstone":1,"minecraft:smithing_table":1,"minecraft:andesite":3,"twilightforest:twilight_oak_chest":1,"minecraft:golden_pickaxe":32,"minecraft:oak_trapdoor":7,"farmersdelight:diamond_knife":9,"minecraft:stone_sword":136,"minecraft:flint_and_steel":1,"minecraft:enchanting_table":1,"sophisticatedbackpacks:iron_backpack":2,"minecraft:stone_shovel":13,"minecraft:spruce_planks":4,"minecraft:wooden_shovel":5,"minecraft:cooked_salmon":7,"minecraft:cooked_chicken":1,"minecraft:netherrack":73,"minecraft:stick":1,"minecraft:torch":107,"minecraft:brewing_stand":1,"minecraft:dirt":106,"minecraft:anvil":1,"gemsnjewels:solid_alexandrite_sword":720,"minecraft:spruce_stairs":2,"minecraft:cobblestone_wall":1,"sophisticatedbackpacks:netherite_backpack":1,"minecraft:golden_shovel":32,"minecraft:granite":3,"minecraft:bookshelf":16,"quark:spruce_chest":2,"minecraft:iron_axe":429,"minecraft:iron_boots":1,"minecraft:basalt":9,"minecraft:blaze_rod":1,"tombstone:gift":7,"minecraft:cooked_beef":8,"minecraft:cobbled_deepslate":37,"minecraft:iron_leggings":1,"minecraft:wheat_seeds":12,"minecraft:cooked_mutton":1,"biomesoplenty:maple_leaves":1,"minecraft:water_bucket":7,"minecraft:cobblestone_stairs":1,"minecraft:glass_bottle":15,"minecraft:baked_potato":4,"minecraft:red_nether_bricks":1,"minecraft:spruce_sign":4,"minecraft:green_bed":2,"minecraft:fletching_table":2,"minecraft:oak_slab":179,"minecraft:crafting_table":20,"gemsnjewels:solid_alexandrite_axe":218,"tombstone:bag_of_seeds":2,"minecraft:spruce_log":8,"minecraft:smoker":7,"minecraft:oak_log":38,"minecraft:flower_pot":1,"biomesoplenty:spider_egg":1,"supplementaries:cage":27,"minecraft:apple":1,"biomesoplenty:pink_daffodil":1,"minecraft:iron_pickaxe":570,"minecraft:oak_button":1,"twilightforest:canopy_chest":1,"minecraft:stone_axe":100,"minecraft:cobblestone":62,"minecraft:purple_bed":3,"minecraft:porkchop":1,"minecraft:cooked_porkchop":17,"minecraft:bucket":13,"quark:oak_chest":5,"minecraft:dandelion":4,"minecraft:splash_potion":14},"minecraft:picked_up":{"minecraft:iron_chestplate":13,"minecraft:wheat":15,"minecraft:chainmail_boots":3,"minecraft:anvil":2,"minecraft:flower_pot":2,"minecraft:diamond_sword":1,"nethersdelight:hoglin_hide":1,"minecraft:nether_brick":48,"minecraft:potion":6,"minecraft:stone_brick_stairs":1,"biomesoplenty:maple_leaves":11,"minecraft:golden_sword":4,"minecraft:red_nether_bricks":1,"minecraft:string":33,"minecraft:raw_copper":36,"minecraft:cooked_salmon":20,"gemsnjewels:sapphire":29,"minecraft:smooth_stone_slab":2,"minecraft:iron_leggings":1,"minecraft:beetroot":1,"alexsmobs:dropbear_claw":1,"alexsmobs:blood_sac":1,"minecraft:gold_nugget":1,"minecraft:cobbled_deepslate":100,"farmersdelight:cabbage":13,"minecraft:spruce_planks":63,"minecraft:iron_pickaxe":3,"farmersdelight:cabbage_seeds":26,"minecraft:iron_boots":2,"minecraft:furnace":8,"gemsnjewels:iolite":13,"minecraft:golden_helmet":2,"quark:music_disc_fire":1,"minecraft:stick":104,"farmersdelight:rotten_tomato":2,"minecraft:torch":21,"minecraft:green_bed":2,"minecraft:spruce_stairs":2,"gemsnjewels:amethyst":27,"twilightforest:cracked_etched_nagastone":1,"minecraft:porkchop":19,"minecraft:golden_axe":1,"gemsnjewels:opal":25,"minecraft:pointed_dripstone":2,"tombstone:grave_dust":14,"minecraft:diorite":3,"gemsnjewels:black_opal":18,"minecraft:cauldron":2,"gemsnjewels:emerald":25,"minecraft:rotten_flesh":108,"minecraft:red_tulip":1,"tombstone:scroll_of_aquatic_life":1,"supplementaries:ash":30,"minecraft:blaze_rod":39,"minecraft:obsidian":1,"alexsmobs:lobster_tail":1,"minecraft:cobblestone":172,"minecraft:leather_chestplate":2,"minecraft:cooked_beef":1,"minecraft:magma_cream":8,"minecraft:andesite":3,"minecraft:smoker":6,"alexsmobs:bear_fur":1,"minecraft:flint":1,"minecraft:tuff":8,"supplementaries:flax_seeds":12,"farmersdelight:tomato":26,"minecraft:lapis_lazuli":190,"minecraft:dirt":79,"tombstone:familiar_receptacle":1,"twilightforest:canopy_sapling":1,"minecraft:bone":111,"minecraft:chipped_anvil":1,"minecraft:bow":7,"minecraft:wheat_seeds":55,"minecraft:raw_gold":32,"gemsnjewels:pale_diamond":15,"minecraft:grindstone":1,"minecraft:fletching_table":4,"minecraft:diamond_helmet":2,"minecraft:glowstone_dust":9,"minecraft:oak_planks":50,"minecraft:mossy_stone_brick_stairs":1,"twilightforest:canopy_chest":1,"gemsnjewels:alexandrite":70,"minecraft:warped_wart_block":1,"minecraft:axolotl_bucket":1,"minecraft:sand":14,"minecraft:melon":5,"sophisticatedbackpacks:iron_backpack":1,"farmersdelight:ham":1,"alexsmobs:animal_dictionary":1,"artifacts:plastic_drinking_hat":1,"twilightforest:mossy_etched_nagastone":1,"minecraft:bundle":2,"stalwart_dungeons:spore_vaporizer":11,"minecraft:polished_andesite":1,"tombstone:familiar_stone":1,"twilightforest:twilight_oak_sapling":12,"minecraft:diamond":13,"minecraft:spruce_boat":2,"artifacts:crystal_heart":1,"minecraft:writable_book":2,"minecraft:cracked_polished_blackstone_bricks":9,"minecraft:crossbow":5,"minecraft:granite":4,"minecraft:chainmail_helmet":2,"minecraft:spruce_sign":4,"minecraft:golden_horse_armor":2,"minecraft:emerald":55,"alexsmobs:maggot":3,"biomesoplenty:pink_daffodil":2,"minecraft:oak_sapling":9,"minecraft:netherrack":147,"nethersdelight:hoglin_loin":3,"minecraft:fishing_rod":4,"minecraft:crafting_table":19,"minecraft:nether_wart":430,"minecraft:clay_ball":28,"minecraft:leather_leggings":2,"minecraft:brown_mushroom":19,"gemsnjewels:alexandrite_helmet":1,"minecraft:gold_block":15,"tombstone:rabbit_mask":1,"twilightforest:nagastone":6,"minecraft:shield":3,"minecraft:oak_trapdoor":2,"minecraft:iron_axe":7,"twilightforest:filled_magic_map":64,"minecraft:blackstone":17,"minecraft:beef":8,"minecraft:player_head":3,"minecraft:poppy":68,"supplementaries:cage":6,"minecraft:sugar_cane":96,"minecraft:spruce_trapdoor":49,"minecraft:egg":4,"minecraft:raw_iron":285,"minecraft:sandstone":7,"twilightforest:twilight_oak_chest":1,"stalwart_dungeons:ancient_fire":2,"gemsnjewels:ruby":22,"minecraft:fire_charge":1,"minecraft:polished_blackstone_bricks":26,"gemsnjewels:tanzanite":3,"minecraft:carrot":14,"minecraft:redstone":8,"minecraft:arrow":92,"minecraft:diamond_chestplate":2,"minecraft:beetroot_seeds":4,"minecraft:nether_bricks":4,"minecraft:gold_ingot":10,"minecraft:saddle":4,"minecraft:totem_of_undying":5,"sophisticatedbackpacks:copper_backpack":1,"twilightforest:magic_map_focus":1,"minecraft:bone_block":8,"minecraft:skeleton_skull":2,"minecraft:white_wool":2,"minecraft:basalt":15,"minecraft:leather":15,"minecraft:red_mushroom":8,"gemsnjewels:peridot":4,"minecraft:oak_log":306,"minecraft:lily_pad":20,"minecraft:cobblestone_wall":1,"minecraft:golden_boots":2,"minecraft:gunpowder":14,"minecraft:cobblestone_stairs":1,"tombstone:voodoo_poppet":1,"gemsnjewels:aquamarine":27,"tombstone:gift":1,"minecraft:paper":42,"minecraft:white_banner":8,"quark:blank_rune":4,"minecraft:cooked_mutton":1,"minecraft:apple":11,"minecraft:stone_bricks":1,"quark:music_disc_crickets":1,"biomesoplenty:glowworm_silk":6,"minecraft:rabbit_hide":4,"minecraft:iron_ingot":7,"minecraft:cooked_chicken":1,"tombstone:bag_of_seeds":3,"minecraft:soul_sand":10,"minecraft:iron_sword":2,"minecraft:book":11,"minecraft:oak_slab":33,"twilightforest:nagastone_pillar":1,"minecraft:pumpkin":4,"minecraft:sweet_berries":83,"minecraft:dandelion":4,"minecraft:gravel":30,"biomesoplenty:spider_egg":1,"minecraft:spruce_sapling":37,"minecraft:blast_furnace":10,"minecraft:spruce_log":230,"minecraft:crying_obsidian":5,"minecraft:spider_eye":32,"minecraft:mossy_stone_brick_slab":1,"minecraft:spruce_door":8,"biomesoplenty:maple_sapling":107,"minecraft:purple_bed":3,"gemsnjewels:zircon":6,"minecraft:chainmail_leggings":1,"minecraft:iron_helmet":1,"minecraft:painting":13,"tombstone:magic_scroll":3,"minecraft:damaged_anvil":1,"minecraft:coal":478,"minecraft:hopper":1,"minecraft:ender_pearl":2},"minecraft:dropped":{"sophisticatedbackpacks:iron_backpack":1,"twilightforest:nagastone":3,"minecraft:crimson_nylium":3,"gemsnjewels:solid_opal_pickaxe":1,"minecraft:iron_sword":1,"minecraft:brown_mushroom":12,"minecraft:baked_potato":3,"minecraft:diamond":1,"minecraft:cooked_porkchop":8,"minecraft:crossbow":1,"minecraft:mossy_stone_brick_stairs":1,"gemsnjewels:alexandrite_helmet":1,"minecraft:red_mushroom":11,"artifacts:night_vision_goggles":1,"minecraft:cracked_polished_blackstone_bricks":5,"minecraft:dirt":5,"twilightforest:firefly":3,"minecraft:writable_book":2,"gemsnjewels:ruby_set_gold_ring":1,"minecraft:gold_nugget":27,"minecraft:axolotl_bucket":2,"twilightforest:cracked_etched_nagastone":1,"minecraft:sand":3,"minecraft:polished_blackstone_bricks":12,"minecraft:iron_pickaxe":1,"gemsnjewels:spinel":1,"minecraft:gold_ingot":22,"minecraft:cauldron":2,"minecraft:bone":1,"minecraft:gravel":15,"minecraft:stone_axe":1,"minecraft:blackstone":4,"minecraft:iron_nugget":1,"minecraft:golden_chestplate":1,"minecraft:nether_brick":3,"minecraft:wheat":37,"minecraft:rotten_flesh":25,"minecraft:oak_planks":1,"gemsnjewels:opal_set_gold_ring":1,"minecraft:glowstone_dust":3,"minecraft:mossy_stone_brick_slab":1,"tombstone:rabbit_mask":1,"minecraft:poppy":123,"supplementaries:flax_seeds":13,"minecraft:leather_chestplate":2,"gemsnjewels:totem_of_reflection":1,"minecraft:beetroot_seeds":4,"minecraft:melon_seeds":8,"minecraft:hopper":1,"minecraft:leather_leggings":1,"minecraft:basalt":5,"minecraft:warped_wart_block":1,"minecraft:netherrack":4,"minecraft:stone_brick_stairs":1,"minecraft:quartz":12,"twilightforest:nagastone_pillar":1,"minecraft:egg":1,"gemsnjewels:alexandrite":29,"minecraft:wheat_seeds":19,"minecraft:tnt":2,"minecraft:golden_horse_armor":2,"twilightforest:filled_magic_map":65,"minecraft:iron_helmet":1,"minecraft:golden_axe":1,"minecraft:cobblestone":4,"minecraft:apple":9,"minecraft:granite":1,"twilightforest:twilight_oak_sapling":12,"gemsnjewels:diamond_set_gold_ring":1,"minecraft:stick":33,"minecraft:polished_andesite":1,"farmersdelight:golden_knife":1,"farmersdelight:melon_popsicle":2,"minecraft:melon_slice":6,"minecraft:cooked_salmon":40,"minecraft:potion":2,"minecraft:iron_leggings":1,"artifacts:crystal_heart":1,"minecraft:golden_hoe":1,"minecraft:iron_axe":1,"twilightforest:cicada":1,"minecraft:redstone":3,"alexsmobs:maggot":2,"minecraft:nether_wart":11,"minecraft:stone_sword":1,"minecraft:smooth_stone_slab":2,"minecraft:raw_copper":19,"minecraft:bowl":2,"gemsnjewels:solid_emerald_pickaxe":1,"minecraft:tuff":2,"minecraft:experience_bottle":2,"minecraft:stone_shovel":1,"minecraft:iron_boots":1,"minecraft:nether_bricks":3,"minecraft:shears":1,"minecraft:pumpkin_seeds":8,"twilightforest:mossy_etched_nagastone":1,"minecraft:shield":1,"biomesoplenty:glowworm_silk":6,"minecraft:iron_chestplate":1,"minecraft:golden_leggings":1,"minecraft:wooden_shovel":1,"minecraft:golden_sword":1,"supplementaries:bubble_blower":1,"minecraft:spider_eye":4,"minecraft:stone_bricks":1,"minecraft:sandstone":4,"minecraft:bow":4,"minecraft:stone_pickaxe":1,"minecraft:wooden_pickaxe":1,"minecraft:red_tulip":1,"farmersdelight:tomato":1,"supplementaries:flute":1},"minecraft:crafted":{"gemsnjewels:alexandrite_boots":1,"minecraft:smooth_stone":6,"minecraft:oak_planks":784,"minecraft:chainmail_helmet":2,"gemsnjewels:diamond_set_gold_ring":1,"minecraft:blaze_powder":4,"minecraft:cooked_chicken":96,"supplementaries:soap":6,"gemsnjewels:alexandrite_helmet":1,"minecraft:stone":6,"gemsnjewels:solid_alexandrite_axe":1,"minecraft:bookshelf":16,"minecraft:iron_bars":16,"minecraft:bow":1,"minecraft:iron_boots":2,"minecraft:raw_copper":36,"minecraft:oak_button":1,"supplementaries:flute":2,"minecraft:smoker":2,"minecraft:oak_slab":144,"minecraft:wooden_shovel":1,"minecraft:emerald":383,"sophisticatedbackpacks:backpack":2,"minecraft:cooked_porkchop":18,"minecraft:crafting_table":2,"minecraft:spruce_planks":868,"minecraft:wooden_pickaxe":1,"minecraft:iron_helmet":2,"minecraft:spruce_door":3,"supplementaries:cage":4,"minecraft:smithing_table":1,"minecraft:copper_ingot":120,"minecraft:brewing_stand":1,"gemsnjewels:solid_alexandrite_pickaxe":1,"gemsnjewels:emerald_set_gold_ring":1,"minecraft:lectern":1,"gemsnjewels:solid_opal_pickaxe":1,"minecraft:iron_chestplate":22,"minecraft:shield":4,"sophisticatedbackpacks:diamond_backpack":2,"minecraft:stick":2240,"quark:oak_chest":3,"minecraft:iron_ingot":500,"minecraft:iron_pickaxe":3,"minecraft:stone_sword":1,"minecraft:gold_ingot":344,"gemsnjewels:opal_set_gold_ring":2,"minecraft:stone_shovel":1,"minecraft:rabbit_stew":30,"minecraft:coal":9,"minecraft:fishing_rod":3,"minecraft:iron_nugget":9,"minecraft:furnace":3,"minecraft:blast_furnace":2,"minecraft:oak_trapdoor":10,"minecraft:leather":1,"minecraft:iron_axe":8,"minecraft:spruce_slab":18,"minecraft:stone_pickaxe":2,"minecraft:spruce_boat":3,"quark:spruce_chest":4,"minecraft:netherite_scrap":5,"gemsnjewels:alexandrite_set_gold_ring":3,"sophisticatedbackpacks:iron_backpack":2,"minecraft:cooked_beef":7,"minecraft:sugar":6,"minecraft:cooked_cod":15,"alexsmobs:cooked_lobster_tail":1,"minecraft:enchanting_table":1,"minecraft:iron_sword":2,"minecraft:cooked_salmon":27,"sophisticatedbackpacks:gold_backpack":1,"gemsnjewels:alexandrite_chestplate":1,"gemsnjewels:solid_emerald_pickaxe":1,"minecraft:stone_axe":1,"gemsnjewels:solid_alexandrite_sword":1,"minecraft:air":0,"minecraft:blue_dye":1,"minecraft:potion":8,"quark:spruce_bookshelf":1,"minecraft:gold_nugget":36,"minecraft:raw_gold":63,"supplementaries:bubble_blower":5,"gemsnjewels:alexandrite_leggings":1,"minecraft:fermented_spider_eye":6,"gemsnjewels:ruby_set_gold_ring":1,"minecraft:iron_leggings":2,"minecraft:torch":84},"minecraft:killed_by":{"minecraft:creeper":1,"minecraft:wolf":1,"minecraft:skeleton":1},"minecraft:mined":{"stalwart_dungeons:spore_vaporizer":17,"minecraft:spruce_planks":1,"minecraft:cobblestone_stairs":1,"minecraft:red_nether_bricks":1,"minecraft:spruce_trapdoor":50,"minecraft:granite":3,"minecraft:grass_block":31,"gemsnjewels:emerald_deepslate_ore_block":10,"twilightforest:twilight_oak_chest":1,"minecraft:cracked_polished_blackstone_bricks":11,"supplementaries:blaze_rod":1,"gemsnjewels:black_opal_nether_ore_block":6,"gemsnjewels:sapphire_ore_block":5,"minecraft:hopper":1,"twilightforest:nagastone_pillar":1,"minecraft:nether_wart":144,"minecraft:spawner":16,"minecraft:polished_blackstone_bricks":29,"minecraft:iron_ore":80,"minecraft:fire":2,"minecraft:cobbled_deepslate":2,"minecraft:pumpkin":4,"minecraft:anvil":2,"minecraft:deepslate_lapis_ore":5,"minecraft:fletching_table":4,"supplementaries:stick":1,"gemsnjewels:pale_diamond_deepslate_ore_block":6,"minecraft:pointed_dripstone":2,"minecraft:water_cauldron":2,"minecraft:dirt_path":1,"biomesoplenty:webbing":1,"minecraft:green_bed":2,"minecraft:brown_mushroom":8,"gemsnjewels:amethyst_ore_block":1,"minecraft:blackstone":14,"gemsnjewels:pale_diamond_nether_ore_block":4,"minecraft:smoker":6,"biomesoplenty:blackstone_spines":1,"minecraft:clay":7,"gemsnjewels:ruby_deepslate_ore_block":10,"minecraft:torch":4,"minecraft:blast_furnace":10,"minecraft:poppy":4,"minecraft:melon":5,"farmersdelight:brown_mushroom_colony":2,"supplementaries:wild_flax":4,"minecraft:cobblestone":36,"minecraft:damaged_anvil":1,"minecraft:oak_planks":31,"minecraft:sugar_cane":40,"gemsnjewels:amethyst_deepslate_ore_block":9,"minecraft:grindstone":1,"minecraft:spruce_sign":1,"minecraft:wall_torch":2,"farmersdelight:sandy_shrub":2,"gemsnjewels:opal_deepslate_ore_block":10,"minecraft:wheat":12,"gemsnjewels:sapphire_deepslate_ore_block":8,"biomesoplenty:maple_leaves":32,"minecraft:tnt":1,"minecraft:smooth_stone_slab":1,"gemsnjewels:emerald_nether_ore_block":5,"minecraft:grass":44,"minecraft:oak_log":308,"minecraft:dirt":14,"gemsnjewels:iolite_nether_ore_block":1,"minecraft:sand":14,"minecraft:potted_red_tulip":1,"gemsnjewels:opal_ore_block":3,"minecraft:netherrack":152,"minecraft:deepslate":69,"minecraft:tuff":3,"gemsnjewels:amethyst_nether_ore_block":1,"minecraft:deepslate_diamond_ore":13,"farmersdelight:wild_carrots":14,"minecraft:nether_bricks":4,"gemsnjewels:alexandrite_deepslate_ore_block":30,"gemsnjewels:emerald_ore_block":2,"twilightforest:canopy_chest":1,"minecraft:spruce_leaves":17,"farmersdelight:wild_cabbages":6,"minecraft:red_mushroom":3,"minecraft:sandstone":7,"farmersdelight:red_mushroom_colony":1,"minecraft:large_fern":9,"minecraft:oak_trapdoor":2,"minecraft:furnace":8,"gemsnjewels:aquamarine_deepslate_ore_block":10,"minecraft:andesite":3,"minecraft:gold_block":15,"minecraft:mossy_stone_brick_stairs":1,"minecraft:deepslate_iron_ore":127,"minecraft:stone":128,"biomesoplenty:spider_egg":1,"gemsnjewels:aquamarine_nether_ore_block":2,"minecraft:oak_slab":24,"minecraft:basalt":1,"minecraft:dandelion":4,"minecraft:spruce_door":5,"minecraft:crafting_table":18,"gemsnjewels:zircon_nether_ore_block":2,"minecraft:tall_grass":1,"minecraft:copper_ore":4,"twilightforest:nagastone":5,"minecraft:lapis_ore":13,"minecraft:deepslate_gold_ore":13,"twilightforest:mayapple":2,"minecraft:diorite":3,"supplementaries:cage":6,"minecraft:warped_wart_block":1,"farmersdelight:wild_beetroots":5,"supplementaries:urn":15,"minecraft:spruce_stairs":2,"minecraft:purple_bed":1,"minecraft:cobblestone_wall":1,"gemsnjewels:tanzanite_nether_ore_block":1,"minecraft:sweet_berry_bush":32,"biomesoplenty:pink_daffodil":2,"minecraft:spruce_log":219,"minecraft:coal_ore":221,"gemsnjewels:alexandrite_nether_ore_block":4,"gemsnjewels:iolite_deepslate_ore_block":11,"minecraft:gravel":1,"biomesoplenty:stringy_cobweb":1,"minecraft:cobweb":1,"minecraft:oak_button":1,"minecraft:stone_bricks":1,"minecraft:gold_ore":13,"minecraft:chipped_anvil":1,"minecraft:fern":25,"gemsnjewels:peridot_nether_ore_block":2},"minecraft:broken":{"minecraft:golden_shovel":1,"minecraft:stone_pickaxe":1,"minecraft:iron_axe":1,"minecraft:iron_pickaxe":1,"minecraft:golden_pickaxe":1},"minecraft:killed":{"alexsmobs:lobster":1,"minecraft:zombified_piglin":1,"minecraft:witch":7,"minecraft:spider":8,"twilightforest:lich_minion":5,"minecraft:skeleton":47,"twilightforest:lich":2,"alexsmobs:straddler":6,"minecraft:piglin_brute":24,"artifacts:mimic":2,"minecraft:magma_cube":4,"minecraft:piglin":28,"minecraft:pig":13,"stalwart_dungeons:giddy_blaze":21,"minecraft:creeper":6,"alexsmobs:crimson_mosquito":1,"minecraft:pillager":30,"minecraft:zombie":70,"stalwart_dungeons:incomplete_wither":1,"alexsmobs:fly":1,"minecraft:blaze":5,"minecraft:cow":4,"alexsmobs:dropbear":1,"minecraft:evoker":5,"minecraft:vindicator":18,"quark:toretoise":1,"twilightforest:naga":1,"twilightforest:swarm_spider":4,"stalwart_dungeons:nether_wart_cocoon":1,"twilightforest:hedge_spider":1,"twilightforest:death_tome":5,"quark:foxhound":3,"minecraft:bat":1,"twilightforest:kobold":1,"minecraft:ravager":3,"minecraft:hoglin":1,"stalwart_dungeons:nether_keeper":2,"minecraft:wither_skeleton":1,"minecraft:enderman":2}},"DataVersion":3120}