{"stats":{"minecraft:killed":{"alexsmobs:lobster":1,"minecraft:spider":2,"minecraft:skeleton":3,"minecraft:zombie":22,"minecraft:cow":4},"minecraft:dropped":{"minecraft:wheat_seeds":2,"minecraft:raw_copper":19,"minecraft:rotten_flesh":8,"minecraft:dirt":5,"supplementaries:flax_seeds":4,"minecraft:beetroot_seeds":4,"minecraft:wooden_shovel":1,"minecraft:sandstone":4,"minecraft:sand":3,"minecraft:wooden_pickaxe":1},"minecraft:crafted":{"minecraft:cooked_cod":15,"minecraft:smooth_stone":6,"minecraft:oak_planks":32,"minecraft:wooden_shovel":1,"minecraft:stone_shovel":1,"sophisticatedbackpacks:backpack":1,"minecraft:fishing_rod":3,"minecraft:crafting_table":1,"minecraft:spruce_planks":132,"minecraft:iron_helmet":1,"minecraft:wooden_pickaxe":1,"minecraft:spruce_door":3,"minecraft:furnace":2,"minecraft:cooked_salmon":27,"minecraft:stone":6,"minecraft:stone_axe":1,"minecraft:air":0,"minecraft:iron_boots":1,"minecraft:iron_chestplate":1,"minecraft:shield":1,"minecraft:stick":40,"minecraft:stone_pickaxe":2,"minecraft:stone_sword":1,"minecraft:iron_leggings":1,"minecraft:oak_button":1,"minecraft:spruce_boat":1,"quark:spruce_chest":1,"minecraft:torch":24,"minecraft:smoker":2},"minecraft:custom":{"minecraft:interact_with_furnace":7,"lootr:looted_stat":4,"minecraft:mob_kills":34,"minecraft:interact_with_crafting_table":23,"minecraft:time_since_death":3513,"minecraft:climb_one_cm":654,"minecraft:time_since_rest":3303,"minecraft:sprint_one_cm":123692,"minecraft:walk_one_cm":99072,"minecraft:damage_taken":567,"minecraft:damage_blocked_by_shield":1065,"minecraft:drop":18,"minecraft:damage_dealt":5351,"minecraft:swim_one_cm":33811,"minecraft:fly_one_cm":314123,"minecraft:deaths":1,"minecraft:crouch_one_cm":2545,"minecraft:play_time":53787,"tombstone:undead_killed":25,"minecraft:sneak_time":1630,"minecraft:walk_under_water_one_cm":10253,"minecraft:jump":898,"minecraft:walk_on_water_one_cm":19245,"minecraft:total_world_time":53787,"minecraft:interact_with_smoker":13,"minecraft:fall_one_cm":19463},"minecraft:used":{"minecraft:beetroot":1,"minecraft:spruce_door":3,"minecraft:stone_sword":108,"minecraft:cobblestone_stairs":1,"minecraft:stone_shovel":13,"minecraft:stone_pickaxe":141,"minecraft:oak_planks":1,"minecraft:shield":25,"minecraft:spruce_planks":4,"minecraft:wooden_pickaxe":11,"minecraft:sandstone":3,"minecraft:wooden_shovel":5,"minecraft:cooked_salmon":7,"minecraft:player_head":2,"minecraft:rotten_flesh":1,"minecraft:iron_chestplate":1,"minecraft:torch":25,"minecraft:dirt":1,"minecraft:sand":11,"minecraft:crafting_table":6,"minecraft:granite":1,"minecraft:smoker":2,"minecraft:spruce_log":2,"minecraft:spruce_boat":1,"minecraft:oak_log":5,"minecraft:apple":1,"minecraft:oak_button":1,"minecraft:iron_helmet":1,"minecraft:iron_boots":1,"minecraft:stone_axe":97,"minecraft:cooked_cod":2,"minecraft:furnace":2,"tombstone:gift":1,"minecraft:iron_leggings":1},"minecraft:killed_by":{"minecraft:skeleton":1},"minecraft:picked_up":{"minecraft:fishing_rod":4,"minecraft:leather_chestplate":1,"minecraft:crafting_table":6,"minecraft:leather":6,"minecraft:smoker":2,"minecraft:oak_log":21,"supplementaries:flax_seeds":4,"minecraft:cobblestone_stairs":1,"minecraft:lapis_lazuli":33,"minecraft:string":1,"minecraft:dirt":6,"minecraft:raw_copper":19,"minecraft:bone":5,"minecraft:beetroot":1,"minecraft:apple":1,"minecraft:wheat_seeds":2,"minecraft:spruce_planks":1,"minecraft:beef":8,"minecraft:player_head":3,"minecraft:sugar_cane":83,"minecraft:oak_planks":1,"farmersdelight:cabbage_seeds":6,"minecraft:furnace":2,"minecraft:raw_iron":9,"minecraft:stick":7,"minecraft:sandstone":7,"minecraft:torch":1,"minecraft:sand":14,"tombstone:grave_dust":5,"minecraft:carrot":14,"minecraft:spruce_log":64,"minecraft:spider_eye":2,"minecraft:spruce_door":3,"minecraft:arrow":5,"minecraft:rotten_flesh":24,"minecraft:beetroot_seeds":4,"minecraft:granite":1,"alexsmobs:maggot":1,"tombstone:magic_scroll":2,"minecraft:oak_sapling":9,"alexsmobs:lobster_tail":1,"minecraft:coal":35,"minecraft:cobblestone":90},"minecraft:mined":{"minecraft:spruce_planks":1,"minecraft:smoker":2,"minecraft:cobblestone_stairs":1,"farmersdelight:wild_carrots":14,"minecraft:spruce_door":1,"minecraft:torch":1,"minecraft:crafting_table":6,"minecraft:grass_block":2,"supplementaries:wild_flax":4,"minecraft:copper_ore":4,"minecraft:cobblestone":1,"farmersdelight:wild_cabbages":6,"minecraft:lapis_ore":5,"minecraft:oak_planks":1,"minecraft:sugar_cane":36,"minecraft:sandstone":7,"farmersdelight:wild_beetroots":5,"farmersdelight:sandy_shrub":2,"minecraft:furnace":2,"minecraft:iron_ore":9,"minecraft:spruce_log":64,"minecraft:grass":6,"minecraft:coal_ore":33,"minecraft:oak_log":21,"minecraft:dirt":4,"minecraft:sand":14,"minecraft:oak_button":1,"minecraft:stone":88},"minecraft:broken":{"minecraft:stone_pickaxe":1}},"DataVersion":3120}