{"stats":{"minecraft:broken":{"minecraft:shield":1,"minecraft:iron_axe":1,"minecraft:iron_pickaxe":1,"minecraft:golden_shovel":1,"minecraft:stone_pickaxe":1,"minecraft:golden_pickaxe":1},"minecraft:mined":{"minecraft:red_nether_bricks":1,"biomesoplenty:burning_blossom":1,"minecraft:granite":3,"gemsnjewels:emerald_deepslate_ore_block":10,"twilightforest:twilight_oak_chest":1,"minecraft:coal_block":16,"supplementaries:blaze_rod":1,"minecraft:hopper":1,"minecraft:nether_wart":144,"twilightforest:nagastone_pillar":1,"minecraft:spawner":30,"minecraft:polished_blackstone_bricks":155,"minecraft:cobbled_deepslate":33,"minecraft:fire":5,"minecraft:pumpkin":4,"minecraft:fletching_table":4,"minecraft:deepslate_lapis_ore":5,"gemsnjewels:pale_diamond_deepslate_ore_block":6,"minecraft:cave_vines":1,"minecraft:water_cauldron":2,"minecraft:dirt_path":1,"minecraft:oak_stairs":3,"biomesoplenty:webbing":1,"minecraft:tripwire":2,"minecraft:brown_mushroom":8,"gemsnjewels:pale_diamond_nether_ore_block":6,"minecraft:smoker":6,"minecraft:soul_fire":31,"biomesoplenty:blackstone_spines":2,"gemsnjewels:ruby_deepslate_ore_block":10,"minecraft:torch":6,"minecraft:blast_furnace":19,"minecraft:melon":5,"minecraft:sugar_cane":40,"minecraft:damaged_anvil":7,"minecraft:spruce_sign":1,"minecraft:wheat":12,"gemsnjewels:sapphire_deepslate_ore_block":8,"minecraft:warped_fungus":1,"gemsnjewels:emerald_nether_ore_block":10,"minecraft:grass":52,"gemsnjewels:opal_ore_block":3,"minecraft:deepslate":69,"farmersdelight:wild_carrots":14,"minecraft:nether_bricks":4,"gemsnjewels:emerald_ore_block":2,"gemsnjewels:alexandrite_deepslate_ore_block":30,"twilightforest:canopy_chest":1,"farmersdelight:wild_cabbages":6,"minecraft:red_mushroom":4,"gemsnjewels:aquamarine_deepslate_ore_block":10,"minecraft:andesite":3,"minecraft:mossy_stone_brick_stairs":1,"minecraft:oak_slab":24,"minecraft:dandelion":4,"minecraft:polished_blackstone_brick_wall":34,"twilightforest:mazestone_brick":1,"minecraft:warped_roots":1,"minecraft:copper_ore":4,"minecraft:tall_grass":1,"gemsnjewels:zircon_nether_ore_block":8,"twilightforest:nagastone":5,"gemsnjewels:sapphire_nether_ore_block":1,"minecraft:deepslate_gold_ore":13,"minecraft:diorite":3,"minecraft:warped_wart_block":1,"minecraft:purple_bed":1,"minecraft:cobblestone_wall":1,"gemsnjewels:tanzanite_nether_ore_block":1,"minecraft:spruce_log":219,"minecraft:sunflower":1,"minecraft:gravel":1,"biomesoplenty:stringy_cobweb":1,"minecraft:cobweb":1,"minecraft:oak_button":1,"minecraft:polished_blackstone":23,"minecraft:stone_bricks":1,"minecraft:chipped_anvil":1,"minecraft:gold_ore":17,"minecraft:fern":28,"gemsnjewels:peridot_nether_ore_block":4,"stalwart_dungeons:spore_vaporizer":17,"minecraft:spruce_planks":1,"gemsnjewels:spinel_nether_ore_block":1,"minecraft:cobblestone_stairs":1,"farmersdelight:tomato_crate":1,"minecraft:spruce_trapdoor":50,"minecraft:cave_vines_plant":2,"gemsnjewels:diamond_nether_ore_block":2,"minecraft:grass_block":31,"minecraft:cracked_polished_blackstone_bricks":32,"gemsnjewels:black_opal_nether_ore_block":10,"gemsnjewels:sapphire_ore_block":5,"minecraft:gilded_blackstone":28,"quark:blaze_lantern":1,"minecraft:iron_ore":80,"minecraft:anvil":2,"supplementaries:stick":1,"minecraft:pointed_dripstone":2,"minecraft:iron_bars":42,"minecraft:green_bed":2,"minecraft:blackstone":112,"gemsnjewels:amethyst_ore_block":1,"minecraft:clay":7,"minecraft:poppy":4,"supplementaries:wild_flax":4,"farmersdelight:brown_mushroom_colony":2,"minecraft:cobblestone":38,"minecraft:grindstone":1,"gemsnjewels:amethyst_deepslate_ore_block":9,"minecraft:oak_planks":36,"minecraft:wall_torch":47,"farmersdelight:sandy_shrub":2,"gemsnjewels:opal_deepslate_ore_block":10,"gemsnjewels:topaz_nether_ore_block":1,"biomesoplenty:maple_leaves":33,"minecraft:tnt":3,"minecraft:smooth_stone_slab":1,"gemsnjewels:tourmaline_nether_ore_block":1,"minecraft:oak_log":308,"minecraft:sand":14,"gemsnjewels:iolite_nether_ore_block":6,"minecraft:dirt":14,"minecraft:potted_red_tulip":1,"minecraft:netherrack":463,"minecraft:ancient_debris":14,"minecraft:oak_leaves":4,"minecraft:nether_gold_ore":1,"minecraft:red_carpet":2,"minecraft:tuff":3,"gemsnjewels:amethyst_nether_ore_block":3,"minecraft:deepslate_diamond_ore":13,"biomesoplenty:bush":3,"minecraft:weeping_vines":1,"minecraft:spruce_leaves":17,"minecraft:sandstone":7,"farmersdelight:red_mushroom_colony":1,"minecraft:crimson_stem":3,"minecraft:large_fern":9,"minecraft:oak_trapdoor":2,"minecraft:furnace":8,"minecraft:peony":3,"minecraft:gold_block":21,"minecraft:bookshelf":29,"minecraft:deepslate_iron_ore":127,"biomesoplenty:spider_egg":1,"minecraft:stone":128,"gemsnjewels:aquamarine_nether_ore_block":3,"farmersdelight:cooking_pot":1,"minecraft:basalt":1,"minecraft:spruce_door":5,"minecraft:oak_fence":3,"minecraft:crafting_table":19,"minecraft:blackstone_slab":8,"minecraft:rose_bush":2,"minecraft:lectern":3,"minecraft:deepslate_coal_ore":6,"minecraft:lapis_ore":13,"twilightforest:mayapple":2,"supplementaries:cage":10,"supplementaries:urn":15,"minecraft:spruce_stairs":2,"farmersdelight:wild_beetroots":5,"minecraft:beehive":6,"minecraft:polished_blackstone_stairs":3,"minecraft:redstone_torch":1,"minecraft:sweet_berry_bush":32,"biomesoplenty:pink_daffodil":2,"gemsnjewels:alexandrite_nether_ore_block":4,"minecraft:coal_ore":221,"gemsnjewels:iolite_deepslate_ore_block":11},"minecraft:custom":{"minecraft:interact_with_crafting_table":109,"minecraft:open_barrel":1,"goblintraders:trade_with_goblin":202,"minecraft:bell_ring":3,"minecraft:leave_game":9,"minecraft:time_since_death":141677,"minecraft:damage_blocked_by_shield":6299,"minecraft:play_time":1014643,"minecraft:deaths":4,"minecraft:jump":11240,"tombstone:kill_undead_boss":2,"minecraft:enchant_item":12,"minecraft:interact_with_furnace":16,"minecraft:traded_with_villager":514,"minecraft:sleep_in_bed":20,"minecraft:damage_dealt":190246,"tombstone:undead_killed":236,"minecraft:interact_with_smoker":26,"minecraft:interact_with_smithing_table":7,"minecraft:interact_with_anvil":6,"twilightforest:keeping_charms_activated":1,"minecraft:damage_dealt_absorbed":234,"minecraft:sneak_time":34339,"minecraft:interact_with_blast_furnace":44,"minecraft:total_world_time":1014643,"tombstone:raider_killed":74,"minecraft:time_since_rest":127385,"minecraft:swim_one_cm":130224,"minecraft:fly_one_cm":3210126,"minecraft:open_chest":253,"minecraft:fall_one_cm":237997,"lootr:looted_stat":113,"minecraft:damage_resisted":4,"minecraft:sprint_one_cm":2143734,"minecraft:drop":334,"minecraft:talked_to_villager":200,"minecraft:interact_with_brewingstand":23,"minecraft:walk_on_water_one_cm":65813,"twilightforest:uncrafting_table_interactions":12,"minecraft:crouch_one_cm":78783,"minecraft:mob_kills":881,"minecraft:climb_one_cm":3994,"minecraft:walk_one_cm":2041913,"minecraft:raid_win":1,"minecraft:walk_under_water_one_cm":52181,"minecraft:boat_one_cm":61940,"minecraft:raid_trigger":1,"minecraft:pot_flower":1,"minecraft:interact_with_grindstone":6,"minecraft:damage_taken":17400,"minecraft:damage_absorbed":32},"minecraft:killed_by":{"minecraft:wolf":1,"cataclysm:netherite_monstrosity":1,"minecraft:creeper":1,"minecraft:skeleton":1},"minecraft:used":{"minecraft:beetroot":1,"farmersdelight:mixed_salad":7,"sophisticatedbackpacks:copper_backpack":2,"minecraft:poppy":9,"twilightforest:canopy_sapling":1,"minecraft:rotten_flesh":5,"minecraft:spruce_boat":4,"minecraft:lava_bucket":2,"minecraft:villager_spawn_egg":1,"gemsnjewels:solid_alexandrite_pickaxe":1323,"twilightforest:nagastone":3,"minecraft:rabbit_stew":46,"minecraft:bow":589,"guardvillagers:guard_spawn_egg":23,"minecraft:furnace":5,"minecraft:cooked_cod":17,"minecraft:egg":7,"minecraft:diorite":3,"minecraft:spruce_door":11,"minecraft:blackstone":65,"twilightforest:uncrafting_table":1,"minecraft:wooden_pickaxe":11,"minecraft:oak_leaves":2,"minecraft:golden_apple":1,"minecraft:sand":11,"minecraft:blast_furnace":10,"minecraft:lectern":1,"gemsnjewels:alexandrite_leggings":1,"minecraft:fire_charge":1,"minecraft:smithing_table":1,"minecraft:oak_trapdoor":7,"minecraft:enchanting_table":1,"minecraft:stone_sword":136,"minecraft:cooked_salmon":7,"minecraft:netherrack":410,"minecraft:stick":1,"minecraft:torch":165,"minecraft:brewing_stand":1,"minecraft:anvil":1,"sophisticatedbackpacks:netherite_backpack":2,"minecraft:golden_shovel":32,"minecraft:iron_axe":429,"minecraft:basalt":9,"minecraft:blaze_rod":1,"farmersdelight:cooking_pot":1,"tombstone:gift":7,"minecraft:cobbled_deepslate":273,"farmersdelight:cooked_rice":2,"minecraft:wheat_seeds":12,"minecraft:water_bucket":9,"twilightforest:cooked_meef":1,"farmersdelight:honey_glazed_ham_block":1,"minecraft:fletching_table":2,"minecraft:polished_blackstone_bricks":1,"minecraft:salmon":1,"minecraft:oak_slab":179,"minecraft:crafting_table":21,"gemsnjewels:solid_alexandrite_axe":286,"minecraft:spruce_log":8,"minecraft:oak_log":39,"biomesoplenty:spider_egg":1,"minecraft:sunflower":1,"minecraft:oak_button":1,"minecraft:iron_pickaxe":570,"twilightforest:canopy_chest":1,"minecraft:cobblestone":105,"minecraft:potion":3,"minecraft:purple_bed":3,"minecraft:porkchop":1,"minecraft:cooked_porkchop":18,"quark:oak_chest":5,"minecraft:dandelion":4,"minecraft:shield":80,"minecraft:iron_sword":162,"minecraft:player_head":2,"minecraft:iron_chestplate":1,"minecraft:carrot":2,"minecraft:tuff":6,"minecraft:axolotl_bucket":3,"minecraft:obsidian":19,"minecraft:milk_bucket":1,"sophisticatedbackpacks:diamond_backpack":2,"minecraft:lantern":2,"alexsmobs:cooked_lobster_tail":1,"minecraft:iron_helmet":1,"minecraft:red_carpet":2,"minecraft:skeleton_skull":2,"minecraft:stone_pickaxe":143,"minecraft:oak_planks":327,"minecraft:sandstone":3,"minecraft:bread":6,"nethersdelight:hoglin_sirloin":106,"minecraft:grindstone":1,"minecraft:andesite":3,"twilightforest:twilight_oak_chest":1,"minecraft:golden_pickaxe":32,"minecraft:experience_bottle":1,"sophisticatedbackpacks:iron_backpack":3,"farmersdelight:diamond_knife":776,"minecraft:flint_and_steel":1,"minecraft:stone_shovel":13,"minecraft:spruce_planks":4,"minecraft:wooden_shovel":5,"minecraft:cooked_chicken":1,"minecraft:dirt":121,"minecraft:white_carpet":3,"gemsnjewels:solid_alexandrite_sword":2009,"minecraft:spruce_stairs":6,"minecraft:cobblestone_wall":1,"minecraft:granite":3,"minecraft:bookshelf":16,"quark:spruce_chest":2,"minecraft:oak_stairs":2,"minecraft:iron_boots":1,"minecraft:cooked_beef":8,"biomesoplenty:burning_blossom":1,"minecraft:iron_leggings":1,"minecraft:cooked_mutton":1,"biomesoplenty:maple_leaves":1,"minecraft:cobblestone_stairs":1,"minecraft:glass_bottle":15,"minecraft:baked_potato":4,"minecraft:red_nether_bricks":1,"minecraft:spruce_sign":4,"minecraft:green_bed":2,"minecraft:smoker":7,"farmersdelight:smoked_ham":1,"tombstone:bag_of_seeds":2,"minecraft:flower_pot":1,"minecraft:apple":1,"supplementaries:cage":41,"biomesoplenty:pink_daffodil":1,"minecraft:stone_axe":100,"minecraft:bucket":16,"minecraft:splash_potion":17},"minecraft:crafted":{"minecraft:smooth_stone":6,"minecraft:chainmail_helmet":2,"minecraft:blaze_powder":4,"supplementaries:soap":6,"twilightforest:charm_of_keeping_2":20,"minecraft:diamond_shovel":1,"gemsnjewels:solid_alexandrite_axe":1,"minecraft:bookshelf":16,"minecraft:iron_bars":16,"minecraft:diamond_helmet":1,"minecraft:diamond_leggings":1,"minecraft:netherite_boots":2,"twilightforest:charm_of_keeping_3":5,"supplementaries:flute":2,"minecraft:wooden_shovel":1,"minecraft:emerald":383,"minecraft:cooked_porkchop":18,"minecraft:spruce_door":3,"supplementaries:cage":6,"minecraft:smithing_table":1,"minecraft:copper_ingot":120,"gemsnjewels:solid_alexandrite_pickaxe":1,"minecraft:lectern":1,"gemsnjewels:solid_opal_pickaxe":1,"quark:oak_chest":3,"minecraft:iron_pickaxe":3,"minecraft:gold_ingot":398,"gemsnjewels:opal_set_gold_ring":2,"minecraft:netherite_ingot":6,"minecraft:rabbit_stew":30,"minecraft:stone_shovel":1,"minecraft:iron_nugget":9,"minecraft:diamond_hoe":1,"farmersdelight:beef_stew":5,"minecraft:white_carpet":3,"minecraft:spruce_slab":18,"minecraft:stone_pickaxe":2,"minecraft:diamond_boots":1,"minecraft:spruce_boat":3,"quark:spruce_chest":4,"minecraft:netherite_pickaxe":4,"minecraft:enchanting_table":1,"minecraft:crimson_slab":6,"gemsnjewels:alexandrite_chestplate":1,"sophisticatedbackpacks:gold_backpack":2,"gemsnjewels:solid_alexandrite_sword":1,"minecraft:potion":8,"gemsnjewels:alexandrite_leggings":1,"minecraft:fermented_spider_eye":6,"supplementaries:bubble_blower":5,"gemsnjewels:ruby_set_gold_ring":1,"minecraft:iron_leggings":2,"gemsnjewels:alexandrite_boots":1,"minecraft:oak_planks":848,"gemsnjewels:diamond_set_gold_ring":1,"minecraft:cooked_chicken":96,"gemsnjewels:alexandrite_helmet":1,"minecraft:stone":6,"farmersdelight:honey_glazed_ham_block":1,"minecraft:bow":1,"minecraft:iron_boots":2,"minecraft:raw_copper":36,"minecraft:netherite_helmet":1,"minecraft:oak_button":1,"minecraft:smoker":2,"minecraft:oak_slab":144,"sophisticatedbackpacks:backpack":3,"minecraft:crafting_table":20,"minecraft:spruce_planks":868,"minecraft:wooden_pickaxe":1,"minecraft:iron_helmet":2,"minecraft:brewing_stand":1,"gemsnjewels:emerald_set_gold_ring":1,"minecraft:iron_chestplate":22,"minecraft:shield":4,"sophisticatedbackpacks:diamond_backpack":3,"minecraft:stick":2240,"minecraft:iron_ingot":527,"minecraft:stone_sword":1,"minecraft:coal":9,"minecraft:fishing_rod":3,"farmersdelight:cooked_rice":5,"minecraft:furnace":3,"minecraft:blast_furnace":2,"farmersdelight:steak_and_potatoes":6,"minecraft:oak_trapdoor":10,"minecraft:netherite_chestplate":3,"minecraft:netherite_leggings":1,"minecraft:leather":1,"minecraft:iron_axe":8,"minecraft:netherite_scrap":25,"gemsnjewels:alexandrite_set_gold_ring":3,"twilightforest:uncrafting_table":1,"sophisticatedbackpacks:iron_backpack":3,"minecraft:cooked_beef":7,"minecraft:sugar":6,"minecraft:cooked_cod":15,"minecraft:crimson_planks":12,"alexsmobs:cooked_lobster_tail":1,"minecraft:iron_sword":2,"minecraft:cooked_salmon":27,"minecraft:stone_axe":1,"gemsnjewels:solid_emerald_pickaxe":1,"minecraft:air":0,"minecraft:blue_dye":1,"quark:spruce_bookshelf":1,"minecraft:white_wool":2,"minecraft:gold_nugget":36,"minecraft:raw_gold":63,"minecraft:torch":144,"farmersdelight:mixed_salad":21,"minecraft:diamond_chestplate":1},"minecraft:picked_up":{"minecraft:iron_chestplate":13,"minecraft:chainmail_boots":3,"minecraft:flower_pot":2,"minecraft:anvil":2,"minecraft:diamond_sword":1,"minecraft:oak_stairs":6,"biomesoplenty:maple_leaves":11,"minecraft:golden_sword":7,"minecraft:string":57,"twilightforest:cut_mazestone":9,"minecraft:cooked_salmon":20,"gemsnjewels:sapphire":31,"minecraft:red_nether_bricks":1,"minecraft:beetroot":4,"minecraft:gold_nugget":77,"minecraft:cobbled_deepslate":127,"minecraft:spruce_planks":63,"minecraft:written_book":1,"minecraft:enchanted_golden_apple":1,"minecraft:coal_block":16,"gemsnjewels:iolite":23,"minecraft:golden_helmet":2,"minecraft:beehive":4,"minecraft:polished_blackstone_stairs":3,"twilightforest:cracked_etched_nagastone":1,"minecraft:green_bed":2,"gemsnjewels:amethyst":33,"minecraft:golden_axe":4,"gemsnjewels:spinel":2,"gemsnjewels:black_opal":32,"minecraft:cauldron":2,"minecraft:blackstone_wall":2,"farmersdelight:oak_cabinet":4,"minecraft:red_tulip":1,"tombstone:scroll_of_aquatic_life":1,"minecraft:bookshelf":29,"supplementaries:ash":34,"minecraft:netherite_chestplate":3,"minecraft:blaze_rod":40,"quark:blaze_lantern":1,"minecraft:iron_bars":33,"alexsmobs:lobster_tail":1,"minecraft:cooked_beef":1,"minecraft:smoker":6,"minecraft:flint":1,"minecraft:lantern":2,"farmersdelight:tomato":26,"tombstone:familiar_receptacle":1,"twilightforest:canopy_sapling":1,"minecraft:chipped_anvil":1,"gemsnjewels:pale_diamond":18,"minecraft:diamond_helmet":2,"minecraft:glowstone_dust":9,"twilightforest:canopy_chest":1,"twilightforest:mazestone_brick":1,"minecraft:warped_wart_block":1,"sophisticatedbackpacks:iron_backpack":2,"alexsmobs:animal_dictionary":1,"minecraft:bundle":6,"minecraft:polished_andesite":1,"stalwart_dungeons:spore_vaporizer":11,"artifacts:crystal_heart":1,"minecraft:writable_book":2,"minecraft:granite":4,"minecraft:chainmail_helmet":2,"minecraft:golden_horse_armor":2,"minecraft:bread":1,"alexsmobs:maggot":3,"gemsnjewels:alexandrite_chestplate":1,"minecraft:crafting_table":20,"twilightforest:cooked_meef":9,"minecraft:nether_wart":430,"minecraft:clay_ball":28,"minecraft:leather_leggings":3,"gemsnjewels:alexandrite_helmet":2,"twilightforest:filled_magic_map":64,"minecraft:flint_and_steel":1,"minecraft:beef":10,"minecraft:poppy":68,"minecraft:egg":8,"minecraft:sandstone":7,"minecraft:fire_charge":1,"gemsnjewels:tanzanite":3,"minecraft:carrot":14,"minecraft:redstone":8,"minecraft:netherite_pickaxe":6,"twilightforest:mazestone":8,"minecraft:diamond_chestplate":2,"minecraft:beetroot_seeds":10,"gemsnjewels:topaz":5,"minecraft:gold_ingot":10,"minecraft:totem_of_undying":5,"sophisticatedbackpacks:copper_backpack":1,"twilightforest:magic_map_focus":1,"minecraft:polished_blackstone":22,"minecraft:white_wool":2,"minecraft:bone_block":8,"minecraft:tripwire_hook":1,"minecraft:blackstone_slab":11,"minecraft:red_mushroom":21,"gemsnjewels:alexandrite_leggings":1,"minecraft:lily_pad":20,"minecraft:oak_log":311,"minecraft:ancient_debris":14,"minecraft:golden_boots":2,"tombstone:gift":1,"gemsnjewels:aquamarine":31,"alexsmobs:mosquito_proboscis":1,"minecraft:paper":42,"minecraft:white_banner":8,"minecraft:apple":11,"minecraft:stone_bricks":1,"farmersdelight:cooking_pot":1,"tombstone:bag_of_seeds":4,"minecraft:iron_sword":2,"twilightforest:nagastone_pillar":1,"minecraft:sweet_berries":83,"minecraft:gravel":30,"biomesoplenty:spider_egg":1,"minecraft:spruce_sapling":37,"minecraft:spruce_log":230,"minecraft:crying_obsidian":5,"biomesoplenty:maple_sapling":107,"minecraft:purple_bed":3,"minecraft:slime_ball":71,"gemsnjewels:zircon":25,"minecraft:painting":13,"minecraft:polished_blackstone_brick_wall":24,"minecraft:melon_seeds":3,"minecraft:hopper":1,"minecraft:ender_pearl":2,"minecraft:wheat":16,"biomesoplenty:burning_blossom":1,"cataclysm:monstrous_horn":1,"minecraft:nether_brick_fence":1,"nethersdelight:hoglin_hide":110,"minecraft:potion":6,"minecraft:gilded_blackstone":1,"minecraft:nether_brick":48,"minecraft:stone_brick_stairs":1,"tombstone:grave_key":1,"minecraft:raw_copper":36,"minecraft:smooth_stone_slab":2,"minecraft:iron_leggings":1,"minecraft:experience_bottle":1,"alexsmobs:dropbear_claw":1,"alexsmobs:blood_sac":3,"farmersdelight:cabbage":13,"twilightforest:gold_minotaur_axe":1,"minecraft:rose_bush":1,"minecraft:iron_pickaxe":3,"nethersdelight:hoglin_sirloin":431,"farmersdelight:cabbage_seeds":26,"minecraft:iron_boots":2,"minecraft:furnace":8,"quark:music_disc_fire":1,"minecraft:stick":106,"farmersdelight:rotten_tomato":2,"minecraft:oak_fence":23,"minecraft:torch":74,"minecraft:spruce_stairs":6,"minecraft:porkchop":19,"gemsnjewels:opal":25,"minecraft:pointed_dripstone":2,"tombstone:grave_dust":35,"minecraft:diorite":3,"gemsnjewels:emerald":35,"farmersdelight:tomato_crate":1,"minecraft:rotten_flesh":157,"minecraft:obsidian":1,"minecraft:cobblestone":188,"minecraft:leather_chestplate":2,"minecraft:magma_cream":8,"farmersdelight:smoked_ham":106,"minecraft:andesite":3,"minecraft:golden_leggings":5,"alexsmobs:bear_fur":1,"minecraft:tuff":8,"supplementaries:flax_seeds":12,"minecraft:wither_skeleton_skull":4,"minecraft:lapis_lazuli":190,"minecraft:dirt":97,"minecraft:bone":299,"minecraft:bow":7,"minecraft:wheat_seeds":68,"minecraft:raw_gold":40,"minecraft:grindstone":1,"minecraft:fletching_table":4,"gemsnjewels:tourmaline":5,"minecraft:oak_planks":62,"minecraft:mossy_stone_brick_stairs":1,"gemsnjewels:alexandrite":70,"minecraft:axolotl_bucket":1,"minecraft:polished_blackstone_slab":12,"minecraft:sand":14,"minecraft:melon":5,"farmersdelight:ham":5,"artifacts:plastic_drinking_hat":1,"twilightforest:mossy_etched_nagastone":1,"twilightforest:twilight_oak_sapling":12,"tombstone:familiar_stone":1,"minecraft:diamond":17,"minecraft:spruce_boat":2,"minecraft:soul_lantern":1,"minecraft:cracked_polished_blackstone_bricks":30,"minecraft:crossbow":5,"minecraft:spruce_sign":4,"minecraft:emerald":56,"biomesoplenty:pink_daffodil":2,"minecraft:oak_sapling":9,"minecraft:netherrack":423,"minecraft:oak_leaves":1,"nethersdelight:hoglin_loin":54,"farmersdelight:squid_ink_pasta":2,"minecraft:fishing_rod":4,"minecraft:brown_mushroom":25,"minecraft:gold_block":21,"tombstone:rabbit_mask":1,"twilightforest:nagastone":6,"minecraft:shield":3,"minecraft:oak_trapdoor":2,"minecraft:iron_axe":7,"minecraft:item_frame":2,"minecraft:blackstone":104,"minecraft:player_head":3,"minecraft:lectern":3,"supplementaries:cage":10,"minecraft:sugar_cane":96,"minecraft:phantom_membrane":14,"minecraft:spruce_trapdoor":49,"minecraft:raw_iron":285,"twilightforest:twilight_oak_chest":1,"minecraft:bowl":2,"gemsnjewels:ruby":22,"stalwart_dungeons:ancient_fire":2,"minecraft:polished_blackstone_bricks":129,"twilightforest:raw_meef":85,"minecraft:arrow":109,"minecraft:nether_bricks":4,"twilightforest:mazestone_mosaic":24,"minecraft:saddle":4,"minecraft:skeleton_skull":2,"minecraft:netherite_boots":2,"minecraft:basalt":19,"minecraft:crimson_stem":3,"minecraft:leather":53,"gemsnjewels:peridot":8,"minecraft:cobblestone_wall":1,"minecraft:gunpowder":35,"minecraft:cobblestone_stairs":1,"tombstone:voodoo_poppet":1,"quark:blank_rune":4,"minecraft:cooked_mutton":1,"minecraft:red_carpet":2,"cataclysm:infernal_forge":1,"quark:music_disc_crickets":1,"biomesoplenty:glowworm_silk":6,"minecraft:rabbit_hide":4,"minecraft:iron_ingot":7,"minecraft:cooked_chicken":1,"quark:music_disc_chatter":1,"minecraft:soul_sand":10,"minecraft:book":11,"minecraft:oak_slab":33,"minecraft:warped_fungus":2,"minecraft:pumpkin":4,"minecraft:dandelion":4,"minecraft:blast_furnace":18,"minecraft:nether_brick_slab":11,"minecraft:mossy_stone_brick_slab":1,"minecraft:spruce_door":8,"minecraft:spider_eye":61,"twilightforest:maze_map_focus":2,"minecraft:chainmail_leggings":1,"minecraft:iron_helmet":1,"tombstone:magic_scroll":5,"minecraft:damaged_anvil":7,"minecraft:coal":625,"minecraft:sunflower":2},"minecraft:killed":{"minecraft:cave_spider":10,"alexsmobs:lobster":1,"twilightforest:maze_slime":27,"twilightforest:lich_minion":5,"minecraft:skeleton":57,"twilightforest:lich":2,"twilightforest:pinch_beetle":3,"alexsmobs:straddler":16,"twilightforest:minoshroom":1,"minecraft:magma_cube":4,"stalwart_dungeons:giddy_blaze":21,"minecraft:pillager":30,"minecraft:zombie":90,"stalwart_dungeons:incomplete_wither":1,"minecraft:cow":5,"minecraft:evoker":5,"twilightforest:mosquito_swarm":1,"alexsmobs:raccoon":1,"minecraft:vindicator":18,"quark:toretoise":1,"alexsmobs:seagull":1,"stalwart_dungeons:nether_wart_cocoon":1,"twilightforest:death_tome":5,"twilightforest:kobold":3,"minecraft:ravager":3,"stalwart_dungeons:nether_keeper":2,"minecraft:enderman":2,"minecraft:witch":7,"minecraft:zombified_piglin":2,"minecraft:spider":12,"cataclysm:netherite_monstrosity":1,"minecraft:piglin_brute":93,"artifacts:mimic":2,"twilightforest:minotaur":41,"minecraft:wolf":1,"twilightforest:slime_beetle":3,"minecraft:piglin":67,"minecraft:pig":13,"alexsmobs:stradpole":9,"minecraft:creeper":12,"alexsmobs:crimson_mosquito":12,"alexsmobs:fly":1,"minecraft:blaze":8,"alexsmobs:dropbear":1,"minecraft:phantom":11,"twilightforest:fire_beetle":4,"twilightforest:naga":1,"twilightforest:swarm_spider":4,"twilightforest:hedge_spider":1,"quark:foxhound":3,"minecraft:bat":1,"minecraft:hoglin":135,"minecraft:wither_skeleton":68},"minecraft:dropped":{"twilightforest:nagastone":3,"sophisticatedbackpacks:iron_backpack":1,"gemsnjewels:solid_opal_pickaxe":1,"minecraft:iron_sword":1,"minecraft:glass_bottle":3,"minecraft:diamond":1,"minecraft:cooked_porkchop":8,"minecraft:crossbow":1,"twilightforest:cooked_meef":8,"minecraft:mossy_stone_brick_stairs":1,"minecraft:red_mushroom":15,"minecraft:item_frame":2,"minecraft:dirt":8,"twilightforest:firefly":3,"minecraft:netherite_boots":2,"minecraft:gold_nugget":27,"minecraft:writable_book":2,"minecraft:sunflower":1,"minecraft:sand":3,"minecraft:polished_blackstone_slab":12,"minecraft:iron_pickaxe":1,"minecraft:bone":2,"minecraft:stone_axe":1,"minecraft:iron_nugget":1,"minecraft:golden_chestplate":2,"minecraft:nether_brick":3,"minecraft:wheat":38,"minecraft:rotten_flesh":35,"minecraft:oak_planks":8,"minecraft:enchanted_golden_apple":1,"gemsnjewels:opal_set_gold_ring":1,"minecraft:glowstone_dust":3,"minecraft:nether_brick_fence":1,"twilightforest:mazestone":8,"supplementaries:flax_seeds":13,"gemsnjewels:totem_of_reflection":1,"gemsnjewels:alexandrite_leggings":1,"farmersdelight:oak_cabinet":4,"minecraft:hopper":1,"minecraft:music_disc_mall":1,"minecraft:leather_leggings":2,"minecraft:beef":2,"minecraft:warped_wart_block":1,"minecraft:stone_brick_stairs":1,"minecraft:egg":1,"minecraft:crimson_planks":1,"minecraft:iron_ingot":32,"twilightforest:charm_of_keeping_1":48,"minecraft:netherite_pickaxe":2,"minecraft:wheat_seeds":32,"minecraft:tnt":2,"minecraft:golden_horse_armor":2,"minecraft:netherite_helmet":1,"minecraft:netherite_chestplate":2,"minecraft:oak_fence":23,"minecraft:iron_helmet":1,"minecraft:cobblestone":18,"minecraft:apple":9,"minecraft:granite":1,"gemsnjewels:diamond_set_gold_ring":1,"minecraft:mushroom_stew":3,"minecraft:polished_blackstone_stairs":3,"minecraft:polished_andesite":1,"minecraft:blackstone_wall":2,"minecraft:rose_bush":1,"minecraft:cooked_salmon":40,"minecraft:potion":3,"minecraft:oak_stairs":4,"minecraft:golden_hoe":1,"twilightforest:cicada":1,"minecraft:paper":11,"minecraft:string":1,"minecraft:stone_sword":1,"minecraft:smooth_stone_slab":2,"gemsnjewels:solid_emerald_pickaxe":1,"minecraft:bowl":11,"minecraft:diamond_hoe":1,"minecraft:experience_bottle":2,"minecraft:stone_shovel":1,"minecraft:iron_boots":1,"minecraft:nether_bricks":3,"minecraft:shears":1,"minecraft:pumpkin_seeds":8,"minecraft:wooden_shovel":1,"minecraft:spider_eye":4,"minecraft:stone_bricks":1,"minecraft:sandstone":4,"minecraft:bow":4,"minecraft:red_tulip":1,"farmersdelight:tomato":1,"supplementaries:flute":1,"minecraft:crimson_nylium":3,"minecraft:brown_mushroom":12,"twilightforest:mazestone_brick":1,"minecraft:warped_fungus":2,"minecraft:oak_log":4,"minecraft:baked_potato":3,"farmersdelight:tomato_crate":1,"minecraft:polished_blackstone_brick_wall":4,"gemsnjewels:alexandrite_helmet":2,"artifacts:night_vision_goggles":1,"minecraft:cracked_polished_blackstone_bricks":11,"gemsnjewels:ruby_set_gold_ring":1,"minecraft:gilded_blackstone":1,"twilightforest:cracked_etched_nagastone":1,"minecraft:axolotl_bucket":2,"minecraft:polished_blackstone_bricks":35,"gemsnjewels:spinel":1,"minecraft:gold_ingot":22,"minecraft:cauldron":2,"minecraft:gravel":15,"gemsnjewels:alexandrite_chestplate":1,"minecraft:blackstone":22,"minecraft:soul_lantern":1,"minecraft:beetroot":3,"minecraft:diamond_shovel":1,"minecraft:mossy_stone_brick_slab":1,"tombstone:rabbit_mask":1,"twilightforest:cut_mazestone":9,"minecraft:poppy":123,"minecraft:leather_chestplate":2,"supplementaries:ash":4,"quark:blaze_lantern":1,"minecraft:beetroot_seeds":10,"minecraft:melon_seeds":11,"minecraft:iron_bars":25,"minecraft:blackstone_slab":11,"minecraft:basalt":9,"minecraft:quartz":12,"minecraft:written_book":1,"minecraft:oak_leaves":1,"twilightforest:nagastone_pillar":1,"minecraft:netherrack":9,"gemsnjewels:alexandrite":29,"minecraft:golden_helmet":1,"twilightforest:filled_magic_map":65,"minecraft:golden_axe":4,"twilightforest:mazestone_mosaic":24,"twilightforest:twilight_oak_sapling":12,"minecraft:stick":33,"farmersdelight:golden_knife":1,"farmersdelight:melon_popsicle":2,"minecraft:torch":13,"tombstone:grave_key":1,"minecraft:melon_slice":6,"minecraft:iron_leggings":1,"artifacts:crystal_heart":1,"minecraft:iron_axe":1,"minecraft:tripwire_hook":1,"minecraft:redstone":3,"nethersdelight:hoglin_sirloin":83,"minecraft:nether_brick_slab":11,"alexsmobs:maggot":2,"minecraft:nether_wart":11,"minecraft:raw_copper":19,"minecraft:tuff":2,"minecraft:netherite_leggings":1,"minecraft:flint_and_steel":1,"gemsnjewels:alexandrite_boots":1,"twilightforest:mossy_etched_nagastone":1,"minecraft:shield":1,"biomesoplenty:glowworm_silk":6,"minecraft:iron_chestplate":1,"minecraft:golden_leggings":6,"minecraft:golden_sword":2,"supplementaries:bubble_blower":1,"minecraft:wooden_pickaxe":1,"minecraft:stone_pickaxe":1}},"DataVersion":3120}