{"stats":{"minecraft:picked_up":{"minecraft:fishing_rod":4,"minecraft:crafting_table":16,"minecraft:anvil":1,"minecraft:gold_block":1,"minecraft:string":1,"minecraft:oak_trapdoor":2,"minecraft:raw_copper":36,"minecraft:cooked_salmon":20,"gemsnjewels:sapphire":4,"minecraft:beetroot":1,"minecraft:cobbled_deepslate":72,"minecraft:spruce_planks":63,"minecraft:beef":8,"minecraft:player_head":3,"supplementaries:cage":1,"minecraft:sugar_cane":96,"minecraft:spruce_trapdoor":49,"farmersdelight:cabbage_seeds":6,"minecraft:furnace":7,"gemsnjewels:iolite":11,"minecraft:raw_iron":176,"minecraft:stick":45,"minecraft:sandstone":7,"minecraft:torch":14,"gemsnjewels:ruby":4,"minecraft:green_bed":2,"minecraft:spruce_stairs":2,"gemsnjewels:amethyst":4,"minecraft:porkchop":19,"gemsnjewels:opal":6,"tombstone:grave_dust":6,"minecraft:carrot":14,"minecraft:redstone":3,"minecraft:cauldron":2,"gemsnjewels:emerald":10,"minecraft:arrow":15,"minecraft:rotten_flesh":49,"minecraft:beetroot_seeds":4,"supplementaries:ash":22,"minecraft:bone_block":8,"minecraft:skeleton_skull":2,"alexsmobs:lobster_tail":1,"minecraft:cobblestone":128,"minecraft:leather_chestplate":2,"minecraft:leather":6,"minecraft:smoker":4,"alexsmobs:bear_fur":1,"minecraft:tuff":8,"minecraft:oak_log":150,"supplementaries:flax_seeds":10,"minecraft:gunpowder":1,"minecraft:cobblestone_stairs":1,"farmersdelight:tomato":1,"minecraft:lapis_lazuli":33,"minecraft:dirt":25,"minecraft:bone":17,"minecraft:chipped_anvil":1,"minecraft:apple":6,"minecraft:wheat_seeds":7,"minecraft:raw_gold":21,"minecraft:grindstone":1,"minecraft:rabbit_hide":4,"minecraft:iron_ingot":4,"gemsnjewels:pale_diamond":4,"minecraft:fletching_table":3,"minecraft:oak_planks":38,"minecraft:oak_slab":15,"gemsnjewels:alexandrite":10,"minecraft:sweet_berries":83,"minecraft:sand":14,"minecraft:spruce_sapling":28,"minecraft:blast_furnace":6,"minecraft:spruce_log":197,"minecraft:spruce_door":7,"minecraft:spider_eye":3,"alexsmobs:animal_dictionary":1,"artifacts:plastic_drinking_hat":1,"biomesoplenty:maple_sapling":36,"minecraft:purple_bed":2,"minecraft:diamond":12,"minecraft:granite":1,"minecraft:spruce_sign":4,"minecraft:golden_horse_armor":2,"alexsmobs:maggot":3,"tombstone:magic_scroll":2,"biomesoplenty:pink_daffodil":2,"minecraft:oak_sapling":9,"minecraft:coal":141},"minecraft:dropped":{"sophisticatedbackpacks:iron_backpack":1,"gemsnjewels:solid_opal_pickaxe":1,"minecraft:iron_sword":1,"minecraft:wheat_seeds":6,"minecraft:golden_horse_armor":2,"minecraft:cooked_porkchop":8,"minecraft:iron_helmet":1,"gemsnjewels:diamond_set_gold_ring":1,"artifacts:night_vision_goggles":1,"minecraft:dirt":5,"farmersdelight:golden_knife":1,"minecraft:cooked_salmon":40,"gemsnjewels:ruby_set_gold_ring":1,"minecraft:iron_leggings":1,"minecraft:golden_hoe":1,"minecraft:iron_axe":1,"minecraft:sand":3,"minecraft:iron_pickaxe":1,"minecraft:bone":1,"minecraft:cauldron":2,"minecraft:stone_axe":1,"alexsmobs:maggot":2,"minecraft:stone_sword":1,"minecraft:raw_copper":19,"gemsnjewels:solid_emerald_pickaxe":1,"minecraft:tuff":2,"minecraft:wheat":14,"minecraft:stone_shovel":1,"minecraft:rotten_flesh":12,"minecraft:iron_boots":1,"gemsnjewels:opal_set_gold_ring":1,"minecraft:leather_chestplate":2,"supplementaries:flax_seeds":10,"minecraft:iron_chestplate":1,"minecraft:beetroot_seeds":4,"minecraft:wooden_shovel":1,"supplementaries:bubble_blower":1,"minecraft:sandstone":4,"minecraft:stone_pickaxe":1,"minecraft:wooden_pickaxe":1,"farmersdelight:tomato":1,"supplementaries:flute":1},"minecraft:used":{"minecraft:beetroot":1,"minecraft:oak_trapdoor":6,"minecraft:stone_sword":136,"minecraft:stone_shovel":13,"minecraft:spruce_planks":4,"minecraft:shield":56,"minecraft:iron_sword":126,"minecraft:cooked_salmon":7,"minecraft:wooden_shovel":5,"minecraft:rotten_flesh":5,"minecraft:player_head":2,"minecraft:iron_chestplate":1,"minecraft:torch":88,"minecraft:dirt":20,"minecraft:anvil":1,"minecraft:spruce_stairs":2,"minecraft:tuff":6,"minecraft:granite":1,"minecraft:spruce_boat":2,"quark:spruce_chest":2,"minecraft:iron_axe":426,"alexsmobs:cooked_lobster_tail":1,"minecraft:iron_helmet":1,"minecraft:iron_boots":1,"guardvillagers:guard_spawn_egg":13,"minecraft:cooked_cod":15,"minecraft:furnace":5,"tombstone:gift":5,"minecraft:cooked_beef":7,"minecraft:cobbled_deepslate":26,"minecraft:iron_leggings":1,"minecraft:water_bucket":3,"minecraft:cobblestone_stairs":1,"minecraft:spruce_door":10,"minecraft:oak_planks":314,"minecraft:stone_pickaxe":143,"minecraft:wooden_pickaxe":11,"minecraft:spruce_sign":4,"minecraft:green_bed":2,"minecraft:fletching_table":2,"minecraft:sandstone":3,"minecraft:sand":11,"minecraft:oak_slab":159,"minecraft:crafting_table":18,"minecraft:blast_furnace":8,"minecraft:spruce_log":8,"minecraft:smoker":6,"minecraft:oak_log":38,"supplementaries:cage":8,"minecraft:apple":1,"biomesoplenty:pink_daffodil":1,"minecraft:iron_pickaxe":360,"minecraft:oak_button":1,"minecraft:bread":5,"minecraft:stone_axe":100,"minecraft:cobblestone":38,"minecraft:purple_bed":2,"minecraft:porkchop":1,"minecraft:cooked_porkchop":10,"minecraft:bucket":4,"quark:oak_chest":2,"minecraft:golden_pickaxe":4,"minecraft:splash_potion":4},"minecraft:killed_by":{"minecraft:wolf":1,"minecraft:creeper":1,"minecraft:skeleton":1},"minecraft:custom":{"lootr:looted_stat":20,"minecraft:interact_with_anvil":1,"minecraft:mob_kills":87,"minecraft:interact_with_crafting_table":81,"goblintraders:trade_with_goblin":159,"minecraft:leave_game":5,"minecraft:time_since_death":56087,"minecraft:climb_one_cm":654,"minecraft:sprint_one_cm":615537,"minecraft:walk_one_cm":521704,"minecraft:damage_blocked_by_shield":2675,"minecraft:drop":68,"minecraft:talked_to_villager":12,"minecraft:play_time":307083,"minecraft:sneak_time":6166,"minecraft:deaths":3,"minecraft:walk_under_water_one_cm":27873,"minecraft:jump":3353,"minecraft:interact_with_blast_furnace":25,"minecraft:walk_on_water_one_cm":36571,"minecraft:total_world_time":307083,"minecraft:interact_with_furnace":12,"tombstone:raider_killed":1,"minecraft:traded_with_villager":18,"minecraft:sleep_in_bed":5,"minecraft:time_since_rest":6154,"minecraft:damage_taken":2918,"minecraft:damage_dealt":14411,"minecraft:swim_one_cm":69345,"minecraft:fly_one_cm":817266,"minecraft:open_chest":22,"minecraft:crouch_one_cm":15088,"tombstone:undead_killed":57,"minecraft:interact_with_smoker":24,"minecraft:fall_one_cm":72209},"minecraft:broken":{"minecraft:stone_pickaxe":1,"minecraft:iron_axe":1,"minecraft:iron_pickaxe":1},"minecraft:killed":{"alexsmobs:lobster":1,"minecraft:witch":1,"minecraft:spider":3,"quark:toretoise":1,"minecraft:skeleton":11,"artifacts:mimic":1,"minecraft:pig":13,"minecraft:creeper":1,"minecraft:zombie":46,"alexsmobs:fly":1,"minecraft:cow":4},"minecraft:crafted":{"minecraft:smooth_stone":6,"minecraft:oak_planks":416,"minecraft:rabbit_stew":9,"minecraft:stone_shovel":1,"minecraft:coal":9,"minecraft:fishing_rod":3,"minecraft:iron_nugget":9,"gemsnjewels:diamond_set_gold_ring":1,"supplementaries:soap":6,"minecraft:furnace":3,"minecraft:blast_furnace":2,"minecraft:stone":6,"minecraft:oak_trapdoor":10,"minecraft:iron_bars":16,"minecraft:iron_boots":2,"minecraft:leather":1,"minecraft:raw_copper":36,"minecraft:iron_axe":2,"minecraft:spruce_slab":12,"minecraft:stone_pickaxe":2,"minecraft:oak_button":1,"minecraft:spruce_boat":3,"quark:spruce_chest":4,"supplementaries:flute":2,"minecraft:smoker":2,"sophisticatedbackpacks:iron_backpack":2,"minecraft:cooked_beef":7,"minecraft:cooked_cod":15,"minecraft:oak_slab":144,"minecraft:wooden_shovel":1,"minecraft:emerald":9,"sophisticatedbackpacks:backpack":2,"minecraft:cooked_porkchop":18,"alexsmobs:cooked_lobster_tail":1,"minecraft:crafting_table":2,"minecraft:spruce_planks":252,"minecraft:iron_helmet":2,"minecraft:wooden_pickaxe":1,"minecraft:iron_sword":2,"minecraft:spruce_door":3,"supplementaries:cage":4,"minecraft:cooked_salmon":27,"minecraft:copper_ingot":120,"sophisticatedbackpacks:gold_backpack":1,"minecraft:stone_axe":1,"gemsnjewels:solid_emerald_pickaxe":1,"minecraft:air":0,"gemsnjewels:emerald_set_gold_ring":1,"gemsnjewels:solid_opal_pickaxe":1,"minecraft:iron_chestplate":2,"minecraft:gold_nugget":18,"minecraft:shield":4,"minecraft:raw_gold":63,"minecraft:stick":308,"quark:oak_chest":2,"minecraft:iron_pickaxe":3,"supplementaries:bubble_blower":5,"minecraft:iron_ingot":231,"minecraft:stone_sword":1,"gemsnjewels:ruby_set_gold_ring":1,"minecraft:gold_ingot":106,"minecraft:iron_leggings":2,"gemsnjewels:opal_set_gold_ring":2,"minecraft:torch":76},"minecraft:mined":{"minecraft:tuff":3,"minecraft:spruce_planks":1,"minecraft:deepslate_diamond_ore":12,"minecraft:cobblestone_stairs":1,"farmersdelight:wild_carrots":14,"minecraft:spruce_trapdoor":50,"gemsnjewels:alexandrite_deepslate_ore_block":10,"minecraft:grass_block":6,"gemsnjewels:emerald_deepslate_ore_block":10,"minecraft:spruce_leaves":16,"farmersdelight:wild_cabbages":6,"gemsnjewels:sapphire_ore_block":1,"minecraft:sandstone":7,"minecraft:large_fern":6,"minecraft:oak_trapdoor":2,"minecraft:furnace":7,"minecraft:iron_ore":40,"minecraft:cobbled_deepslate":1,"minecraft:anvil":1,"minecraft:fletching_table":3,"minecraft:gold_block":1,"gemsnjewels:pale_diamond_deepslate_ore_block":4,"minecraft:dirt_path":1,"minecraft:deepslate_iron_ore":118,"minecraft:water_cauldron":2,"minecraft:stone":95,"minecraft:green_bed":2,"minecraft:oak_slab":15,"minecraft:smoker":4,"minecraft:spruce_door":5,"gemsnjewels:ruby_deepslate_ore_block":4,"minecraft:crafting_table":16,"minecraft:torch":4,"minecraft:blast_furnace":6,"supplementaries:wild_flax":4,"minecraft:copper_ore":4,"minecraft:cobblestone":25,"minecraft:grindstone":1,"minecraft:deepslate_gold_ore":13,"minecraft:lapis_ore":5,"minecraft:oak_planks":28,"gemsnjewels:amethyst_deepslate_ore_block":4,"minecraft:sugar_cane":40,"minecraft:spruce_sign":1,"supplementaries:cage":1,"supplementaries:urn":10,"farmersdelight:wild_beetroots":5,"minecraft:spruce_stairs":2,"minecraft:purple_bed":1,"farmersdelight:sandy_shrub":2,"gemsnjewels:opal_deepslate_ore_block":6,"gemsnjewels:sapphire_deepslate_ore_block":3,"biomesoplenty:pink_daffodil":2,"minecraft:sweet_berry_bush":32,"minecraft:spruce_log":197,"biomesoplenty:maple_leaves":17,"minecraft:grass":22,"minecraft:coal_ore":58,"minecraft:oak_log":151,"minecraft:dirt":4,"minecraft:sand":14,"gemsnjewels:iolite_deepslate_ore_block":11,"minecraft:oak_button":1,"minecraft:gold_ore":8,"minecraft:chipped_anvil":1,"minecraft:deepslate":42,"minecraft:fern":13}},"DataVersion":3120}