{"stats":{"minecraft:killed":{"minecraft:zombie":6},"minecraft:crafted":{"minecraft:oak_planks":32,"minecraft:wooden_shovel":1,"minecraft:stone_shovel":1,"minecraft:crafting_table":1,"minecraft:spruce_planks":124,"minecraft:stick":8,"minecraft:wooden_pickaxe":1,"minecraft:stone_pickaxe":1,"minecraft:stone_sword":1,"minecraft:cooked_salmon":4,"minecraft:furnace":1,"minecraft:oak_button":1,"minecraft:stone_axe":1,"minecraft:air":0,"minecraft:smoker":2},"minecraft:custom":{"minecraft:time_since_rest":17787,"lootr:looted_stat":3,"minecraft:sprint_one_cm":36156,"minecraft:damage_taken":225,"minecraft:walk_one_cm":35578,"minecraft:mob_kills":6,"minecraft:damage_dealt":1199,"minecraft:swim_one_cm":1521,"minecraft:interact_with_crafting_table":9,"minecraft:fly_one_cm":45053,"minecraft:crouch_one_cm":529,"minecraft:play_time":17787,"tombstone:undead_killed":6,"minecraft:sneak_time":284,"minecraft:walk_under_water_one_cm":995,"minecraft:jump":217,"minecraft:walk_on_water_one_cm":1553,"minecraft:time_since_death":17787,"minecraft:interact_with_smoker":7,"minecraft:total_world_time":17787,"minecraft:fall_one_cm":4145},"minecraft:used":{"minecraft:oak_log":5,"minecraft:stone_sword":15,"minecraft:apple":1,"minecraft:cobblestone_stairs":1,"minecraft:stone_pickaxe":13,"minecraft:oak_button":1,"minecraft:spruce_planks":4,"minecraft:wooden_pickaxe":11,"minecraft:cooked_salmon":2,"minecraft:wooden_shovel":5,"minecraft:rotten_flesh":1,"minecraft:stone_axe":83,"minecraft:sand":1,"minecraft:dirt":1,"minecraft:crafting_table":2,"minecraft:spruce_log":2,"minecraft:smoker":2},"minecraft:picked_up":{"minecraft:fishing_rod":1,"minecraft:stick":7,"minecraft:crafting_table":1,"minecraft:sand":1,"minecraft:oak_log":21,"minecraft:spruce_log":62,"minecraft:cobblestone_stairs":1,"minecraft:lapis_lazuli":33,"minecraft:dirt":6,"minecraft:rotten_flesh":8,"minecraft:apple":1,"minecraft:player_head":1,"tombstone:magic_scroll":1,"minecraft:oak_sapling":9,"minecraft:sugar_cane":13,"minecraft:cobblestone":17,"minecraft:furnace":1},"minecraft:mined":{"minecraft:furnace":1,"minecraft:cobblestone_stairs":1,"minecraft:spruce_log":62,"minecraft:crafting_table":1,"minecraft:grass":1,"minecraft:grass_block":2,"minecraft:oak_log":21,"minecraft:sand":1,"minecraft:dirt":4,"minecraft:cobblestone":1,"minecraft:oak_button":1,"minecraft:lapis_ore":5,"minecraft:stone":16,"minecraft:sugar_cane":4}},"DataVersion":3120}