{"stats":{"minecraft:custom":{"lootr:looted_stat":18,"minecraft:mob_kills":82,"minecraft:interact_with_crafting_table":70,"goblintraders:trade_with_goblin":87,"minecraft:leave_game":4,"minecraft:time_since_death":81344,"minecraft:climb_one_cm":654,"minecraft:sprint_one_cm":476719,"minecraft:walk_one_cm":404299,"minecraft:damage_blocked_by_shield":2675,"minecraft:drop":59,"minecraft:talked_to_villager":2,"minecraft:play_time":240196,"minecraft:deaths":2,"minecraft:sneak_time":5440,"minecraft:walk_under_water_one_cm":27873,"minecraft:jump":3003,"minecraft:interact_with_blast_furnace":24,"minecraft:walk_on_water_one_cm":36571,"minecraft:total_world_time":240196,"minecraft:interact_with_furnace":12,"tombstone:raider_killed":1,"minecraft:sleep_in_bed":2,"minecraft:time_since_rest":51680,"minecraft:damage_taken":2671,"minecraft:damage_dealt":14237,"minecraft:swim_one_cm":69345,"minecraft:fly_one_cm":738021,"minecraft:crouch_one_cm":12771,"tombstone:undead_killed":53,"minecraft:interact_with_smoker":24,"minecraft:fall_one_cm":66881},"minecraft:killed_by":{"minecraft:creeper":1,"minecraft:skeleton":1},"minecraft:picked_up":{"minecraft:fishing_rod":4,"minecraft:crafting_table":15,"minecraft:anvil":1,"minecraft:gold_block":1,"minecraft:oak_trapdoor":2,"minecraft:string":1,"minecraft:raw_copper":36,"minecraft:cooked_salmon":20,"gemsnjewels:sapphire":4,"minecraft:beetroot":1,"minecraft:cobbled_deepslate":72,"minecraft:spruce_planks":63,"minecraft:beef":8,"minecraft:player_head":3,"supplementaries:cage":1,"minecraft:sugar_cane":96,"farmersdelight:cabbage_seeds":6,"minecraft:furnace":7,"gemsnjewels:iolite":11,"minecraft:stick":30,"minecraft:raw_iron":176,"minecraft:sandstone":7,"minecraft:spruce_stairs":2,"minecraft:green_bed":2,"minecraft:torch":12,"gemsnjewels:ruby":4,"minecraft:porkchop":19,"gemsnjewels:amethyst":4,"gemsnjewels:opal":6,"tombstone:grave_dust":6,"minecraft:carrot":14,"minecraft:redstone":3,"minecraft:cauldron":2,"gemsnjewels:emerald":10,"minecraft:arrow":15,"minecraft:rotten_flesh":45,"minecraft:beetroot_seeds":4,"supplementaries:ash":22,"minecraft:bone_block":8,"minecraft:skeleton_skull":2,"alexsmobs:lobster_tail":1,"minecraft:cobblestone":128,"minecraft:leather_chestplate":2,"minecraft:leather":6,"minecraft:smoker":4,"minecraft:tuff":8,"minecraft:oak_log":140,"supplementaries:flax_seeds":10,"minecraft:gunpowder":1,"minecraft:cobblestone_stairs":1,"minecraft:lapis_lazuli":33,"minecraft:dirt":24,"minecraft:chipped_anvil":1,"minecraft:bone":17,"minecraft:apple":6,"minecraft:wheat_seeds":4,"minecraft:raw_gold":21,"minecraft:rabbit_hide":4,"gemsnjewels:pale_diamond":4,"minecraft:fletching_table":3,"minecraft:oak_planks":16,"minecraft:oak_slab":9,"gemsnjewels:alexandrite":10,"minecraft:sweet_berries":83,"minecraft:sand":14,"minecraft:blast_furnace":5,"minecraft:spruce_log":64,"minecraft:spruce_door":5,"minecraft:spider_eye":3,"artifacts:plastic_drinking_hat":1,"biomesoplenty:maple_sapling":36,"minecraft:purple_bed":1,"minecraft:diamond":12,"minecraft:granite":1,"minecraft:spruce_sign":4,"minecraft:golden_horse_armor":2,"biomesoplenty:pink_daffodil":2,"alexsmobs:maggot":1,"tombstone:magic_scroll":2,"minecraft:oak_sapling":9,"minecraft:coal":73},"minecraft:broken":{"minecraft:stone_pickaxe":1,"minecraft:iron_pickaxe":1},"minecraft:killed":{"alexsmobs:lobster":1,"minecraft:witch":1,"minecraft:spider":3,"quark:toretoise":1,"minecraft:skeleton":11,"artifacts:mimic":1,"minecraft:pig":13,"minecraft:creeper":1,"minecraft:zombie":42,"minecraft:cow":4},"minecraft:mined":{"minecraft:tuff":3,"minecraft:spruce_planks":1,"minecraft:deepslate_diamond_ore":12,"minecraft:cobblestone_stairs":1,"farmersdelight:wild_carrots":14,"gemsnjewels:alexandrite_deepslate_ore_block":10,"minecraft:grass_block":6,"gemsnjewels:emerald_deepslate_ore_block":10,"farmersdelight:wild_cabbages":6,"gemsnjewels:sapphire_ore_block":1,"minecraft:sandstone":7,"minecraft:oak_trapdoor":2,"minecraft:furnace":7,"minecraft:iron_ore":40,"minecraft:cobbled_deepslate":1,"minecraft:anvil":1,"minecraft:fletching_table":3,"minecraft:gold_block":1,"gemsnjewels:pale_diamond_deepslate_ore_block":4,"minecraft:water_cauldron":2,"minecraft:deepslate_iron_ore":118,"minecraft:stone":95,"minecraft:green_bed":2,"minecraft:oak_slab":11,"minecraft:smoker":4,"minecraft:spruce_door":3,"minecraft:crafting_table":15,"gemsnjewels:ruby_deepslate_ore_block":4,"minecraft:torch":3,"minecraft:blast_furnace":5,"supplementaries:wild_flax":4,"minecraft:copper_ore":4,"minecraft:cobblestone":25,"minecraft:lapis_ore":5,"minecraft:deepslate_gold_ore":13,"minecraft:sugar_cane":40,"gemsnjewels:amethyst_deepslate_ore_block":4,"minecraft:oak_planks":16,"minecraft:spruce_sign":1,"supplementaries:cage":1,"supplementaries:urn":10,"minecraft:spruce_stairs":2,"farmersdelight:wild_beetroots":5,"farmersdelight:sandy_shrub":2,"gemsnjewels:opal_deepslate_ore_block":6,"minecraft:sweet_berry_bush":32,"biomesoplenty:pink_daffodil":2,"gemsnjewels:sapphire_deepslate_ore_block":3,"minecraft:spruce_log":64,"biomesoplenty:maple_leaves":17,"minecraft:grass":19,"minecraft:oak_log":141,"minecraft:coal_ore":54,"gemsnjewels:iolite_deepslate_ore_block":11,"minecraft:sand":14,"minecraft:dirt":4,"minecraft:oak_button":1,"minecraft:gold_ore":8,"minecraft:chipped_anvil":1,"minecraft:deepslate":42,"minecraft:fern":9},"minecraft:used":{"minecraft:beetroot":1,"minecraft:oak_trapdoor":4,"minecraft:stone_sword":136,"minecraft:stone_shovel":13,"minecraft:spruce_planks":4,"minecraft:shield":56,"minecraft:iron_sword":112,"minecraft:wooden_shovel":5,"minecraft:cooked_salmon":7,"minecraft:rotten_flesh":5,"minecraft:player_head":2,"minecraft:iron_chestplate":1,"minecraft:torch":80,"minecraft:dirt":19,"minecraft:spruce_stairs":2,"minecraft:tuff":6,"minecraft:granite":1,"minecraft:spruce_boat":1,"alexsmobs:cooked_lobster_tail":1,"minecraft:iron_axe":200,"minecraft:iron_helmet":1,"minecraft:iron_boots":1,"minecraft:cooked_cod":15,"minecraft:furnace":3,"tombstone:gift":5,"minecraft:cooked_beef":7,"minecraft:cobbled_deepslate":26,"minecraft:iron_leggings":1,"minecraft:water_bucket":3,"minecraft:cobblestone_stairs":1,"minecraft:spruce_door":8,"minecraft:stone_pickaxe":143,"minecraft:oak_planks":252,"minecraft:fletching_table":2,"minecraft:wooden_pickaxe":11,"minecraft:sandstone":3,"minecraft:green_bed":2,"minecraft:spruce_sign":4,"minecraft:sand":11,"minecraft:oak_slab":135,"minecraft:crafting_table":17,"minecraft:blast_furnace":4,"minecraft:spruce_log":2,"minecraft:smoker":4,"minecraft:oak_log":34,"minecraft:apple":1,"supplementaries:cage":2,"biomesoplenty:pink_daffodil":1,"minecraft:bread":5,"minecraft:iron_pickaxe":358,"minecraft:oak_button":1,"minecraft:stone_axe":100,"minecraft:cobblestone":38,"minecraft:purple_bed":1,"minecraft:cooked_porkchop":5,"minecraft:porkchop":1,"minecraft:bucket":4},"minecraft:crafted":{"minecraft:smooth_stone":6,"minecraft:oak_planks":392,"minecraft:coal":9,"minecraft:stone_shovel":1,"minecraft:fishing_rod":3,"minecraft:iron_nugget":9,"gemsnjewels:diamond_set_gold_ring":1,"supplementaries:soap":6,"minecraft:furnace":3,"minecraft:blast_furnace":2,"minecraft:stone":6,"minecraft:oak_trapdoor":10,"minecraft:iron_bars":16,"minecraft:iron_boots":2,"minecraft:leather":1,"minecraft:raw_copper":36,"minecraft:iron_axe":2,"minecraft:spruce_slab":12,"minecraft:stone_pickaxe":2,"minecraft:oak_button":1,"minecraft:spruce_boat":1,"quark:spruce_chest":2,"supplementaries:flute":2,"minecraft:smoker":2,"sophisticatedbackpacks:iron_backpack":2,"minecraft:cooked_beef":7,"minecraft:cooked_cod":15,"minecraft:oak_slab":126,"minecraft:wooden_shovel":1,"sophisticatedbackpacks:backpack":2,"minecraft:cooked_porkchop":18,"alexsmobs:cooked_lobster_tail":1,"minecraft:crafting_table":2,"minecraft:spruce_planks":140,"minecraft:iron_helmet":2,"minecraft:wooden_pickaxe":1,"minecraft:iron_sword":2,"minecraft:spruce_door":3,"supplementaries:cage":4,"minecraft:cooked_salmon":27,"minecraft:copper_ingot":60,"sophisticatedbackpacks:gold_backpack":1,"gemsnjewels:solid_emerald_pickaxe":1,"minecraft:stone_axe":1,"minecraft:air":0,"gemsnjewels:emerald_set_gold_ring":1,"gemsnjewels:solid_opal_pickaxe":1,"minecraft:iron_chestplate":2,"minecraft:gold_nugget":18,"minecraft:shield":1,"minecraft:stick":52,"supplementaries:bubble_blower":5,"minecraft:iron_ingot":207,"minecraft:iron_pickaxe":3,"minecraft:stone_sword":1,"gemsnjewels:ruby_set_gold_ring":1,"minecraft:iron_leggings":2,"minecraft:gold_ingot":16,"gemsnjewels:opal_set_gold_ring":2,"minecraft:torch":76},"minecraft:dropped":{"sophisticatedbackpacks:iron_backpack":1,"gemsnjewels:solid_opal_pickaxe":1,"minecraft:iron_sword":1,"minecraft:wheat_seeds":4,"minecraft:golden_horse_armor":2,"minecraft:iron_helmet":1,"gemsnjewels:diamond_set_gold_ring":1,"artifacts:night_vision_goggles":1,"minecraft:dirt":5,"minecraft:cooked_salmon":40,"gemsnjewels:ruby_set_gold_ring":1,"minecraft:iron_leggings":1,"minecraft:sand":3,"minecraft:iron_axe":1,"minecraft:iron_pickaxe":1,"minecraft:cauldron":2,"minecraft:bone":1,"minecraft:stone_axe":1,"minecraft:stone_sword":1,"minecraft:raw_copper":19,"gemsnjewels:solid_emerald_pickaxe":1,"minecraft:tuff":2,"minecraft:stone_shovel":1,"minecraft:rotten_flesh":12,"minecraft:iron_boots":1,"gemsnjewels:opal_set_gold_ring":1,"supplementaries:flax_seeds":10,"minecraft:leather_chestplate":2,"minecraft:iron_chestplate":1,"minecraft:beetroot_seeds":4,"minecraft:wooden_shovel":1,"supplementaries:bubble_blower":1,"minecraft:sandstone":4,"minecraft:wooden_pickaxe":1,"minecraft:stone_pickaxe":1,"supplementaries:flute":1}},"DataVersion":3120}