{"stats":{"minecraft:custom":{"minecraft:jump":39,"minecraft:time_since_rest":5787,"minecraft:walk_on_water_one_cm":420,"minecraft:sprint_one_cm":5830,"minecraft:play_time":5787,"minecraft:time_since_death":5787,"minecraft:walk_one_cm":6905,"minecraft:total_world_time":5787,"minecraft:fall_one_cm":209,"minecraft:fly_one_cm":12448},"minecraft:used":{"minecraft:oak_log":2,"minecraft:dirt":1},"minecraft:picked_up":{"minecraft:stick":3,"minecraft:oak_log":10,"minecraft:oak_sapling":6,"minecraft:sugar_cane":9,"minecraft:dirt":1},"minecraft:mined":{"minecraft:grass_block":1,"minecraft:oak_log":10,"minecraft:sugar_cane":3}},"DataVersion":3120}