{"stats":{"minecraft:killed":{"minecraft:spider":2,"minecraft:zombie":7,"minecraft:cow":4},"minecraft:dropped":{"minecraft:wheat_seeds":2,"minecraft:rotten_flesh":8,"minecraft:dirt":5,"supplementaries:flax_seeds":4,"minecraft:beetroot_seeds":4,"minecraft:wooden_shovel":1,"minecraft:wooden_pickaxe":1},"minecraft:crafted":{"minecraft:cooked_cod":15,"minecraft:oak_planks":32,"minecraft:wooden_shovel":1,"minecraft:stone_shovel":1,"sophisticatedbackpacks:backpack":1,"minecraft:crafting_table":1,"minecraft:spruce_planks":124,"minecraft:iron_helmet":1,"minecraft:wooden_pickaxe":1,"minecraft:spruce_door":3,"minecraft:furnace":2,"minecraft:cooked_salmon":27,"minecraft:stone_axe":1,"minecraft:air":0,"minecraft:iron_boots":1,"minecraft:iron_chestplate":1,"minecraft:shield":1,"minecraft:stick":40,"minecraft:stone_pickaxe":1,"minecraft:stone_sword":1,"minecraft:iron_leggings":1,"minecraft:oak_button":1,"minecraft:spruce_boat":1,"quark:spruce_chest":1,"minecraft:torch":24,"minecraft:smoker":2},"minecraft:custom":{"minecraft:interact_with_furnace":3,"lootr:looted_stat":4,"minecraft:mob_kills":13,"minecraft:interact_with_crafting_table":19,"minecraft:time_since_death":41787,"minecraft:climb_one_cm":630,"minecraft:time_since_rest":41787,"minecraft:sprint_one_cm":99735,"minecraft:walk_one_cm":69690,"minecraft:damage_taken":265,"minecraft:drop":15,"minecraft:damage_dealt":2119,"minecraft:swim_one_cm":31927,"minecraft:fly_one_cm":226692,"minecraft:crouch_one_cm":786,"minecraft:play_time":41787,"tombstone:undead_killed":7,"minecraft:sneak_time":792,"minecraft:walk_under_water_one_cm":10164,"minecraft:jump":714,"minecraft:walk_on_water_one_cm":17279,"minecraft:total_world_time":41787,"minecraft:interact_with_smoker":13,"minecraft:fall_one_cm":13911},"minecraft:used":{"minecraft:beetroot":1,"minecraft:spruce_door":3,"minecraft:stone_sword":26,"minecraft:cobblestone_stairs":1,"minecraft:stone_shovel":13,"minecraft:stone_pickaxe":113,"minecraft:spruce_planks":4,"minecraft:wooden_pickaxe":11,"minecraft:sandstone":3,"minecraft:wooden_shovel":5,"minecraft:cooked_salmon":6,"minecraft:player_head":1,"minecraft:rotten_flesh":1,"minecraft:iron_chestplate":1,"minecraft:torch":9,"minecraft:dirt":1,"minecraft:sand":11,"minecraft:crafting_table":4,"minecraft:smoker":2,"minecraft:spruce_log":2,"minecraft:spruce_boat":1,"minecraft:oak_log":5,"minecraft:apple":1,"minecraft:oak_button":1,"minecraft:iron_helmet":1,"minecraft:iron_boots":1,"minecraft:stone_axe":90,"minecraft:furnace":1,"minecraft:iron_leggings":1},"minecraft:picked_up":{"minecraft:fishing_rod":1,"minecraft:crafting_table":3,"minecraft:leather":6,"minecraft:smoker":2,"minecraft:oak_log":21,"supplementaries:flax_seeds":4,"minecraft:cobblestone_stairs":1,"minecraft:lapis_lazuli":33,"minecraft:string":1,"minecraft:dirt":6,"minecraft:raw_copper":19,"minecraft:beetroot":1,"minecraft:apple":1,"minecraft:wheat_seeds":2,"minecraft:beef":8,"minecraft:player_head":1,"minecraft:sugar_cane":83,"farmersdelight:cabbage_seeds":6,"minecraft:furnace":1,"minecraft:raw_iron":4,"minecraft:stick":7,"minecraft:sandstone":7,"minecraft:torch":1,"minecraft:sand":14,"minecraft:carrot":14,"minecraft:spruce_log":62,"minecraft:spider_eye":2,"minecraft:spruce_door":3,"minecraft:rotten_flesh":9,"minecraft:beetroot_seeds":4,"alexsmobs:maggot":1,"tombstone:magic_scroll":1,"minecraft:oak_sapling":9,"minecraft:coal":13,"minecraft:cobblestone":87},"minecraft:mined":{"minecraft:smoker":2,"minecraft:cobblestone_stairs":1,"farmersdelight:wild_carrots":14,"minecraft:spruce_door":1,"minecraft:torch":1,"minecraft:crafting_table":3,"minecraft:grass_block":2,"supplementaries:wild_flax":4,"minecraft:copper_ore":4,"minecraft:cobblestone":1,"farmersdelight:wild_cabbages":6,"minecraft:lapis_ore":5,"minecraft:sugar_cane":36,"minecraft:sandstone":7,"farmersdelight:wild_beetroots":5,"farmersdelight:sandy_shrub":2,"minecraft:furnace":1,"minecraft:iron_ore":4,"minecraft:spruce_log":62,"minecraft:grass":6,"minecraft:coal_ore":13,"minecraft:oak_log":21,"minecraft:dirt":4,"minecraft:sand":14,"minecraft:oak_button":1,"minecraft:stone":86}},"DataVersion":3120}