{"stats":{"minecraft:custom":{"lootr:looted_stat":12,"minecraft:mob_kills":66,"minecraft:interact_with_crafting_table":64,"goblintraders:trade_with_goblin":87,"minecraft:leave_game":4,"minecraft:time_since_death":99922,"minecraft:climb_one_cm":654,"minecraft:sprint_one_cm":284513,"minecraft:walk_one_cm":274279,"minecraft:damage_blocked_by_shield":2440,"minecraft:drop":52,"minecraft:play_time":150196,"minecraft:deaths":1,"minecraft:sneak_time":4519,"minecraft:walk_under_water_one_cm":26436,"minecraft:jump":2029,"minecraft:interact_with_blast_furnace":24,"minecraft:walk_on_water_one_cm":35128,"minecraft:total_world_time":150196,"minecraft:interact_with_furnace":12,"tombstone:raider_killed":1,"minecraft:time_since_rest":99712,"minecraft:damage_taken":1700,"minecraft:damage_dealt":12426,"minecraft:swim_one_cm":63177,"minecraft:fly_one_cm":477621,"minecraft:crouch_one_cm":10152,"tombstone:undead_killed":51,"minecraft:interact_with_smoker":16,"minecraft:fall_one_cm":41307},"minecraft:killed_by":{"minecraft:skeleton":1},"minecraft:picked_up":{"minecraft:fishing_rod":4,"minecraft:crafting_table":15,"minecraft:string":1,"minecraft:raw_copper":36,"minecraft:cooked_salmon":20,"gemsnjewels:sapphire":4,"minecraft:beetroot":1,"minecraft:cobbled_deepslate":60,"minecraft:spruce_planks":63,"minecraft:beef":8,"minecraft:player_head":3,"supplementaries:cage":1,"minecraft:sugar_cane":83,"farmersdelight:cabbage_seeds":6,"minecraft:furnace":6,"gemsnjewels:iolite":11,"minecraft:stick":7,"minecraft:raw_iron":176,"minecraft:sandstone":7,"minecraft:green_bed":1,"minecraft:torch":12,"gemsnjewels:ruby":4,"gemsnjewels:amethyst":4,"gemsnjewels:opal":6,"tombstone:grave_dust":6,"minecraft:carrot":14,"minecraft:redstone":3,"gemsnjewels:emerald":9,"minecraft:arrow":13,"minecraft:rotten_flesh":45,"minecraft:beetroot_seeds":4,"supplementaries:ash":22,"minecraft:bone_block":8,"minecraft:skeleton_skull":2,"alexsmobs:lobster_tail":1,"minecraft:cobblestone":126,"minecraft:leather_chestplate":2,"minecraft:leather":6,"minecraft:smoker":3,"minecraft:tuff":8,"minecraft:oak_log":21,"supplementaries:flax_seeds":10,"minecraft:gunpowder":1,"minecraft:cobblestone_stairs":1,"minecraft:lapis_lazuli":33,"minecraft:dirt":6,"minecraft:chipped_anvil":1,"minecraft:bone":15,"minecraft:apple":1,"minecraft:wheat_seeds":2,"minecraft:raw_gold":17,"minecraft:rabbit_hide":4,"gemsnjewels:pale_diamond":4,"minecraft:fletching_table":2,"minecraft:oak_planks":1,"gemsnjewels:alexandrite":10,"minecraft:sand":14,"minecraft:blast_furnace":5,"minecraft:spruce_log":64,"minecraft:spruce_door":5,"minecraft:spider_eye":3,"artifacts:plastic_drinking_hat":1,"minecraft:diamond":12,"minecraft:granite":1,"minecraft:golden_horse_armor":2,"alexsmobs:maggot":1,"tombstone:magic_scroll":2,"minecraft:oak_sapling":9,"minecraft:coal":52},"minecraft:broken":{"minecraft:stone_pickaxe":1,"minecraft:iron_pickaxe":1},"minecraft:killed":{"alexsmobs:lobster":1,"minecraft:witch":1,"minecraft:spider":3,"quark:toretoise":1,"minecraft:skeleton":9,"artifacts:mimic":1,"minecraft:creeper":1,"minecraft:zombie":42,"minecraft:cow":4},"minecraft:mined":{"minecraft:tuff":3,"minecraft:spruce_planks":1,"minecraft:deepslate_diamond_ore":12,"minecraft:cobblestone_stairs":1,"farmersdelight:wild_carrots":14,"gemsnjewels:alexandrite_deepslate_ore_block":10,"minecraft:grass_block":2,"gemsnjewels:emerald_deepslate_ore_block":9,"farmersdelight:wild_cabbages":6,"gemsnjewels:sapphire_ore_block":1,"minecraft:sandstone":7,"minecraft:furnace":6,"minecraft:iron_ore":40,"minecraft:cobbled_deepslate":1,"minecraft:fletching_table":2,"gemsnjewels:pale_diamond_deepslate_ore_block":4,"minecraft:deepslate_iron_ore":118,"minecraft:stone":93,"minecraft:green_bed":1,"minecraft:smoker":3,"minecraft:spruce_door":3,"minecraft:crafting_table":15,"gemsnjewels:ruby_deepslate_ore_block":4,"minecraft:torch":3,"minecraft:blast_furnace":5,"supplementaries:wild_flax":4,"minecraft:copper_ore":4,"minecraft:cobblestone":25,"minecraft:lapis_ore":5,"minecraft:deepslate_gold_ore":9,"minecraft:sugar_cane":36,"gemsnjewels:amethyst_deepslate_ore_block":4,"minecraft:oak_planks":1,"supplementaries:cage":1,"supplementaries:urn":10,"farmersdelight:wild_beetroots":5,"farmersdelight:sandy_shrub":2,"gemsnjewels:opal_deepslate_ore_block":6,"gemsnjewels:sapphire_deepslate_ore_block":3,"minecraft:spruce_log":64,"minecraft:grass":6,"minecraft:oak_log":21,"minecraft:coal_ore":33,"gemsnjewels:iolite_deepslate_ore_block":11,"minecraft:sand":14,"minecraft:dirt":4,"minecraft:oak_button":1,"minecraft:gold_ore":8,"minecraft:chipped_anvil":1,"minecraft:deepslate":41},"minecraft:used":{"minecraft:beetroot":1,"minecraft:stone_sword":136,"minecraft:stone_shovel":13,"minecraft:spruce_planks":4,"minecraft:shield":54,"minecraft:iron_sword":106,"minecraft:wooden_shovel":5,"minecraft:cooked_salmon":7,"minecraft:rotten_flesh":1,"minecraft:player_head":2,"minecraft:iron_chestplate":1,"minecraft:torch":80,"minecraft:dirt":1,"minecraft:tuff":6,"minecraft:granite":1,"minecraft:spruce_boat":1,"minecraft:iron_axe":15,"minecraft:iron_helmet":1,"minecraft:iron_boots":1,"minecraft:cooked_cod":15,"minecraft:furnace":3,"tombstone:gift":3,"minecraft:cooked_beef":7,"minecraft:cobbled_deepslate":16,"minecraft:iron_leggings":1,"minecraft:cobblestone_stairs":1,"minecraft:spruce_door":5,"minecraft:stone_pickaxe":143,"minecraft:oak_planks":1,"minecraft:wooden_pickaxe":11,"minecraft:sandstone":3,"minecraft:sand":11,"minecraft:crafting_table":16,"minecraft:blast_furnace":4,"minecraft:spruce_log":2,"minecraft:smoker":3,"minecraft:oak_log":5,"minecraft:apple":1,"supplementaries:cage":2,"minecraft:iron_pickaxe":323,"minecraft:oak_button":1,"minecraft:stone_axe":100,"minecraft:cobblestone":36},"minecraft:crafted":{"minecraft:smooth_stone":6,"minecraft:oak_planks":32,"minecraft:coal":9,"minecraft:stone_shovel":1,"minecraft:fishing_rod":3,"minecraft:iron_nugget":9,"gemsnjewels:diamond_set_gold_ring":1,"supplementaries:soap":6,"minecraft:furnace":3,"minecraft:blast_furnace":2,"minecraft:stone":6,"minecraft:iron_bars":16,"minecraft:iron_boots":2,"minecraft:leather":1,"minecraft:raw_copper":36,"minecraft:iron_axe":2,"minecraft:spruce_slab":12,"minecraft:stone_pickaxe":2,"minecraft:oak_button":1,"minecraft:spruce_boat":1,"quark:spruce_chest":2,"supplementaries:flute":2,"minecraft:smoker":2,"sophisticatedbackpacks:iron_backpack":2,"minecraft:cooked_beef":7,"minecraft:cooked_cod":15,"minecraft:wooden_shovel":1,"sophisticatedbackpacks:backpack":2,"minecraft:crafting_table":2,"minecraft:spruce_planks":136,"minecraft:iron_helmet":2,"minecraft:wooden_pickaxe":1,"minecraft:iron_sword":2,"minecraft:spruce_door":3,"supplementaries:cage":4,"minecraft:cooked_salmon":27,"minecraft:copper_ingot":60,"sophisticatedbackpacks:gold_backpack":1,"gemsnjewels:solid_emerald_pickaxe":1,"minecraft:stone_axe":1,"minecraft:air":0,"gemsnjewels:emerald_set_gold_ring":1,"gemsnjewels:solid_opal_pickaxe":1,"minecraft:iron_chestplate":2,"minecraft:gold_nugget":18,"minecraft:shield":1,"minecraft:stick":44,"supplementaries:bubble_blower":5,"minecraft:iron_ingot":207,"minecraft:iron_pickaxe":3,"minecraft:stone_sword":1,"gemsnjewels:ruby_set_gold_ring":1,"minecraft:iron_leggings":2,"minecraft:gold_ingot":7,"gemsnjewels:opal_set_gold_ring":2,"minecraft:torch":76},"minecraft:dropped":{"sophisticatedbackpacks:iron_backpack":1,"gemsnjewels:solid_opal_pickaxe":1,"minecraft:iron_sword":1,"minecraft:wheat_seeds":2,"minecraft:golden_horse_armor":2,"minecraft:iron_helmet":1,"gemsnjewels:diamond_set_gold_ring":1,"artifacts:night_vision_goggles":1,"minecraft:dirt":5,"minecraft:cooked_salmon":40,"gemsnjewels:ruby_set_gold_ring":1,"minecraft:iron_leggings":1,"minecraft:sand":3,"minecraft:iron_axe":1,"minecraft:iron_pickaxe":1,"minecraft:bone":1,"minecraft:stone_axe":1,"minecraft:stone_sword":1,"minecraft:raw_copper":19,"gemsnjewels:solid_emerald_pickaxe":1,"minecraft:tuff":2,"minecraft:stone_shovel":1,"minecraft:rotten_flesh":8,"minecraft:iron_boots":1,"gemsnjewels:opal_set_gold_ring":1,"supplementaries:flax_seeds":10,"minecraft:leather_chestplate":2,"minecraft:iron_chestplate":1,"minecraft:beetroot_seeds":4,"minecraft:wooden_shovel":1,"supplementaries:bubble_blower":1,"minecraft:sandstone":4,"minecraft:wooden_pickaxe":1,"minecraft:stone_pickaxe":1,"supplementaries:flute":1}},"DataVersion":3120}