{"stats":{"minecraft:picked_up":{"minecraft:anvil":1,"minecraft:string":1,"gemsnjewels:sapphire":4,"minecraft:raw_copper":36,"minecraft:cooked_salmon":20,"minecraft:beetroot":1,"minecraft:cobbled_deepslate":72,"minecraft:spruce_planks":63,"farmersdelight:cabbage_seeds":6,"minecraft:furnace":7,"gemsnjewels:iolite":11,"minecraft:stick":45,"minecraft:torch":14,"minecraft:green_bed":2,"minecraft:spruce_stairs":2,"minecraft:porkchop":19,"gemsnjewels:amethyst":4,"gemsnjewels:opal":6,"tombstone:grave_dust":6,"minecraft:cauldron":2,"gemsnjewels:emerald":10,"minecraft:rotten_flesh":49,"supplementaries:ash":22,"minecraft:cobblestone":128,"alexsmobs:lobster_tail":1,"minecraft:leather_chestplate":2,"minecraft:smoker":5,"alexsmobs:bear_fur":1,"minecraft:tuff":8,"supplementaries:flax_seeds":10,"minecraft:dirt":45,"minecraft:lapis_lazuli":33,"farmersdelight:tomato":1,"minecraft:bone":17,"minecraft:chipped_anvil":1,"minecraft:wheat_seeds":7,"minecraft:raw_gold":21,"gemsnjewels:pale_diamond":4,"minecraft:grindstone":1,"minecraft:fletching_table":3,"minecraft:oak_planks":38,"gemsnjewels:alexandrite":10,"minecraft:sand":14,"alexsmobs:animal_dictionary":1,"artifacts:plastic_drinking_hat":1,"minecraft:diamond":12,"minecraft:granite":1,"minecraft:spruce_sign":4,"minecraft:golden_horse_armor":2,"alexsmobs:maggot":3,"biomesoplenty:pink_daffodil":2,"minecraft:oak_sapling":9,"minecraft:fishing_rod":4,"minecraft:crafting_table":16,"minecraft:brown_mushroom":18,"minecraft:gold_block":1,"minecraft:oak_trapdoor":2,"minecraft:beef":8,"minecraft:player_head":3,"supplementaries:cage":1,"minecraft:sugar_cane":96,"minecraft:spruce_trapdoor":49,"minecraft:raw_iron":176,"minecraft:sandstone":7,"gemsnjewels:ruby":4,"minecraft:carrot":14,"minecraft:redstone":3,"minecraft:arrow":15,"minecraft:beetroot_seeds":4,"minecraft:skeleton_skull":2,"minecraft:bone_block":8,"minecraft:leather":6,"minecraft:red_mushroom":8,"minecraft:oak_log":150,"minecraft:gunpowder":1,"minecraft:cobblestone_stairs":1,"minecraft:apple":6,"minecraft:rabbit_hide":4,"minecraft:iron_ingot":4,"minecraft:oak_slab":15,"minecraft:sweet_berries":83,"minecraft:spruce_sapling":28,"minecraft:blast_furnace":10,"minecraft:spruce_log":198,"minecraft:spider_eye":3,"minecraft:spruce_door":7,"biomesoplenty:maple_sapling":36,"minecraft:purple_bed":2,"tombstone:magic_scroll":2,"minecraft:coal":141},"minecraft:dropped":{"sophisticatedbackpacks:iron_backpack":1,"gemsnjewels:solid_opal_pickaxe":1,"minecraft:iron_sword":1,"minecraft:cooked_porkchop":8,"artifacts:night_vision_goggles":1,"minecraft:dirt":5,"gemsnjewels:ruby_set_gold_ring":1,"minecraft:sand":3,"minecraft:iron_pickaxe":1,"minecraft:cauldron":2,"minecraft:bone":1,"minecraft:stone_axe":1,"minecraft:wheat":14,"minecraft:rotten_flesh":12,"gemsnjewels:opal_set_gold_ring":1,"supplementaries:flax_seeds":10,"minecraft:leather_chestplate":2,"minecraft:beetroot_seeds":4,"minecraft:wheat_seeds":7,"minecraft:golden_horse_armor":2,"minecraft:iron_helmet":1,"gemsnjewels:diamond_set_gold_ring":1,"farmersdelight:golden_knife":1,"minecraft:cooked_salmon":40,"minecraft:iron_leggings":1,"minecraft:golden_hoe":1,"minecraft:iron_axe":1,"alexsmobs:maggot":2,"minecraft:stone_sword":1,"minecraft:raw_copper":19,"gemsnjewels:solid_emerald_pickaxe":1,"minecraft:tuff":2,"minecraft:stone_shovel":1,"minecraft:iron_boots":1,"minecraft:iron_chestplate":1,"minecraft:wooden_shovel":1,"supplementaries:bubble_blower":1,"minecraft:sandstone":4,"minecraft:wooden_pickaxe":1,"minecraft:stone_pickaxe":1,"farmersdelight:tomato":1,"supplementaries:flute":1},"minecraft:used":{"minecraft:beetroot":1,"minecraft:shield":56,"minecraft:iron_sword":126,"minecraft:player_head":2,"minecraft:rotten_flesh":5,"minecraft:iron_chestplate":1,"minecraft:tuff":6,"minecraft:spruce_boat":2,"alexsmobs:cooked_lobster_tail":1,"minecraft:iron_helmet":1,"minecraft:rabbit_stew":1,"minecraft:furnace":5,"guardvillagers:guard_spawn_egg":13,"minecraft:cooked_cod":15,"minecraft:spruce_door":10,"minecraft:stone_pickaxe":143,"minecraft:oak_planks":314,"minecraft:wooden_pickaxe":11,"minecraft:sandstone":3,"minecraft:sand":11,"minecraft:blast_furnace":10,"minecraft:bread":6,"minecraft:grindstone":1,"minecraft:smithing_table":1,"minecraft:golden_pickaxe":4,"minecraft:oak_trapdoor":6,"minecraft:stone_sword":136,"minecraft:stone_shovel":13,"minecraft:spruce_planks":4,"minecraft:wooden_shovel":5,"minecraft:cooked_salmon":7,"minecraft:torch":89,"minecraft:dirt":40,"minecraft:anvil":1,"minecraft:spruce_stairs":2,"minecraft:golden_shovel":20,"minecraft:granite":1,"quark:spruce_chest":2,"minecraft:iron_axe":427,"minecraft:iron_boots":1,"tombstone:gift":5,"minecraft:cooked_beef":7,"minecraft:cobbled_deepslate":26,"minecraft:iron_leggings":1,"minecraft:water_bucket":3,"minecraft:cobblestone_stairs":1,"minecraft:spruce_sign":4,"minecraft:fletching_table":2,"minecraft:green_bed":2,"minecraft:oak_slab":159,"minecraft:crafting_table":18,"minecraft:smoker":7,"minecraft:spruce_log":8,"minecraft:oak_log":38,"minecraft:apple":1,"supplementaries:cage":8,"biomesoplenty:pink_daffodil":1,"minecraft:oak_button":1,"minecraft:iron_pickaxe":365,"minecraft:stone_axe":100,"minecraft:cobblestone":38,"minecraft:purple_bed":2,"minecraft:cooked_porkchop":10,"minecraft:porkchop":1,"minecraft:bucket":4,"quark:oak_chest":2,"minecraft:splash_potion":4},"minecraft:killed_by":{"minecraft:creeper":1,"minecraft:wolf":1,"minecraft:skeleton":1},"minecraft:custom":{"lootr:looted_stat":21,"minecraft:interact_with_crafting_table":82,"goblintraders:trade_with_goblin":159,"minecraft:leave_game":5,"minecraft:time_since_death":68087,"minecraft:sprint_one_cm":668099,"minecraft:damage_blocked_by_shield":2675,"minecraft:drop":69,"minecraft:talked_to_villager":48,"minecraft:play_time":319083,"minecraft:deaths":3,"minecraft:jump":3502,"minecraft:walk_on_water_one_cm":36571,"minecraft:interact_with_furnace":12,"minecraft:traded_with_villager":80,"minecraft:sleep_in_bed":6,"minecraft:damage_dealt":14411,"minecraft:crouch_one_cm":15456,"tombstone:undead_killed":57,"minecraft:interact_with_smoker":24,"minecraft:mob_kills":87,"minecraft:interact_with_anvil":1,"minecraft:climb_one_cm":654,"minecraft:walk_one_cm":553667,"minecraft:sneak_time":6348,"minecraft:walk_under_water_one_cm":27873,"minecraft:interact_with_blast_furnace":25,"minecraft:total_world_time":319083,"tombstone:raider_killed":1,"minecraft:time_since_rest":4949,"minecraft:damage_taken":2938,"minecraft:swim_one_cm":69345,"minecraft:fly_one_cm":853283,"minecraft:open_chest":29,"minecraft:fall_one_cm":75808},"minecraft:broken":{"minecraft:stone_pickaxe":1,"minecraft:iron_axe":1,"minecraft:iron_pickaxe":1},"minecraft:killed":{"alexsmobs:lobster":1,"minecraft:witch":1,"minecraft:spider":3,"minecraft:skeleton":11,"artifacts:mimic":1,"minecraft:pig":13,"minecraft:creeper":1,"minecraft:zombie":46,"alexsmobs:fly":1,"minecraft:cow":4,"quark:toretoise":1},"minecraft:crafted":{"minecraft:smooth_stone":6,"minecraft:oak_planks":416,"gemsnjewels:diamond_set_gold_ring":1,"supplementaries:soap":6,"minecraft:stone":6,"minecraft:iron_bars":16,"minecraft:iron_boots":2,"minecraft:raw_copper":36,"minecraft:oak_button":1,"supplementaries:flute":2,"minecraft:smoker":2,"minecraft:oak_slab":144,"minecraft:wooden_shovel":1,"sophisticatedbackpacks:backpack":2,"minecraft:emerald":52,"minecraft:cooked_porkchop":18,"minecraft:crafting_table":2,"minecraft:spruce_planks":272,"minecraft:wooden_pickaxe":1,"minecraft:iron_helmet":2,"minecraft:spruce_door":3,"supplementaries:cage":4,"minecraft:smithing_table":1,"minecraft:copper_ingot":120,"gemsnjewels:emerald_set_gold_ring":1,"gemsnjewels:solid_opal_pickaxe":1,"minecraft:iron_chestplate":14,"minecraft:shield":4,"minecraft:stick":308,"quark:oak_chest":2,"minecraft:iron_ingot":231,"minecraft:iron_pickaxe":3,"minecraft:stone_sword":1,"minecraft:gold_ingot":106,"gemsnjewels:opal_set_gold_ring":2,"minecraft:coal":9,"minecraft:rabbit_stew":10,"minecraft:stone_shovel":1,"minecraft:fishing_rod":3,"minecraft:iron_nugget":9,"minecraft:furnace":3,"minecraft:blast_furnace":2,"minecraft:oak_trapdoor":10,"minecraft:leather":1,"minecraft:iron_axe":8,"minecraft:spruce_slab":12,"minecraft:stone_pickaxe":2,"minecraft:spruce_boat":3,"quark:spruce_chest":4,"sophisticatedbackpacks:iron_backpack":2,"minecraft:cooked_beef":7,"minecraft:cooked_cod":15,"alexsmobs:cooked_lobster_tail":1,"minecraft:iron_sword":2,"minecraft:cooked_salmon":27,"sophisticatedbackpacks:gold_backpack":1,"gemsnjewels:solid_emerald_pickaxe":1,"minecraft:stone_axe":1,"minecraft:air":0,"minecraft:gold_nugget":18,"minecraft:raw_gold":63,"supplementaries:bubble_blower":5,"gemsnjewels:ruby_set_gold_ring":1,"minecraft:iron_leggings":2,"minecraft:torch":76},"minecraft:mined":{"minecraft:spruce_planks":1,"minecraft:cobblestone_stairs":1,"minecraft:spruce_trapdoor":50,"minecraft:grass_block":25,"gemsnjewels:emerald_deepslate_ore_block":10,"gemsnjewels:sapphire_ore_block":1,"minecraft:iron_ore":40,"minecraft:cobbled_deepslate":1,"minecraft:fletching_table":3,"minecraft:anvil":1,"gemsnjewels:pale_diamond_deepslate_ore_block":4,"minecraft:water_cauldron":2,"minecraft:dirt_path":1,"minecraft:green_bed":2,"minecraft:brown_mushroom":8,"minecraft:smoker":5,"gemsnjewels:ruby_deepslate_ore_block":4,"minecraft:torch":4,"minecraft:blast_furnace":10,"farmersdelight:brown_mushroom_colony":2,"supplementaries:wild_flax":4,"minecraft:cobblestone":25,"minecraft:sugar_cane":40,"minecraft:grindstone":1,"gemsnjewels:amethyst_deepslate_ore_block":4,"minecraft:oak_planks":28,"minecraft:spruce_sign":1,"farmersdelight:sandy_shrub":2,"gemsnjewels:opal_deepslate_ore_block":6,"gemsnjewels:sapphire_deepslate_ore_block":3,"biomesoplenty:maple_leaves":17,"minecraft:grass":22,"minecraft:oak_log":151,"minecraft:sand":14,"minecraft:dirt":5,"minecraft:deepslate":42,"minecraft:tuff":3,"minecraft:deepslate_diamond_ore":12,"farmersdelight:wild_carrots":14,"gemsnjewels:alexandrite_deepslate_ore_block":10,"farmersdelight:wild_cabbages":6,"minecraft:spruce_leaves":16,"minecraft:red_mushroom":3,"minecraft:sandstone":7,"farmersdelight:red_mushroom_colony":1,"minecraft:large_fern":6,"minecraft:oak_trapdoor":2,"minecraft:furnace":7,"minecraft:gold_block":1,"minecraft:deepslate_iron_ore":118,"minecraft:stone":95,"minecraft:oak_slab":15,"minecraft:spruce_door":5,"minecraft:crafting_table":16,"minecraft:copper_ore":4,"minecraft:lapis_ore":5,"minecraft:deepslate_gold_ore":13,"supplementaries:cage":1,"supplementaries:urn":10,"minecraft:spruce_stairs":2,"farmersdelight:wild_beetroots":5,"minecraft:purple_bed":1,"minecraft:sweet_berry_bush":32,"biomesoplenty:pink_daffodil":2,"minecraft:spruce_log":198,"minecraft:coal_ore":58,"gemsnjewels:iolite_deepslate_ore_block":11,"minecraft:oak_button":1,"minecraft:chipped_anvil":1,"minecraft:gold_ore":8,"minecraft:fern":13}},"DataVersion":3120}