{"stats":{"minecraft:custom":{"minecraft:jump":27,"minecraft:time_since_rest":3894,"minecraft:leave_game":1,"minecraft:sprint_one_cm":205,"minecraft:play_time":3894,"minecraft:damage_taken":10,"minecraft:time_since_death":3894,"minecraft:walk_one_cm":7345,"minecraft:sneak_time":11,"minecraft:total_world_time":3894,"minecraft:fall_one_cm":209,"minecraft:fly_one_cm":395},"minecraft:picked_up":{"gemsnjewels:alexandrite_helmet":1,"gemsnjewels:alexandrite_boots":1,"gemsnjewels:alexandrite_chestplate":1,"gemsnjewels:alexandrite_leggings":1}},"DataVersion":3120}