{"stats":{"minecraft:custom":{"minecraft:time_since_rest":36909,"minecraft:sprint_one_cm":12376,"twilightforest:uncrafting_table_interactions":1,"minecraft:damage_taken":26,"minecraft:walk_one_cm":122145,"minecraft:drop":2,"minecraft:damage_dealt":157,"minecraft:interact_with_crafting_table":2,"minecraft:fly_one_cm":4950,"minecraft:open_chest":1,"minecraft:crouch_one_cm":2244,"minecraft:play_time":36909,"minecraft:sneak_time":485,"minecraft:walk_under_water_one_cm":1125,"minecraft:jump":318,"minecraft:leave_game":1,"minecraft:walk_on_water_one_cm":1690,"minecraft:time_since_death":36909,"minecraft:climb_one_cm":1442,"minecraft:total_world_time":36909,"minecraft:fall_one_cm":4958},"minecraft:used":{"minecraft:stone_pickaxe":20,"minecraft:wooden_pickaxe":45,"nethersdelight:hoglin_sirloin":1,"minecraft:dirt":28,"minecraft:cobblestone":10,"minecraft:oak_sapling":1},"minecraft:picked_up":{"minecraft:stick":1,"biomesoplenty:burning_blossom":1,"gemsnjewels:alexandrite_boots":1,"minecraft:wooden_pickaxe":1,"gemsnjewels:alexandrite_leggings":1,"minecraft:gravel":3,"gemsnjewels:alexandrite_helmet":1,"minecraft:potion":1,"minecraft:oak_log":6,"minecraft:dirt":86,"minecraft:stone_pickaxe":1,"nethersdelight:hoglin_sirloin":7,"minecraft:oak_sapling":1,"gemsnjewels:alexandrite_chestplate":1,"minecraft:cobblestone":103},"minecraft:dropped":{"minecraft:oak_log":6,"minecraft:cobblestone":21},"minecraft:mined":{"biomesoplenty:maple_leaves":1,"minecraft:grass_block":30,"minecraft:oak_log":6,"minecraft:gravel":2,"minecraft:dirt":49,"minecraft:stone":43}},"DataVersion":3120}