{"stats":{"minecraft:custom":{"minecraft:time_since_rest":12909,"minecraft:crouch_one_cm":1241,"minecraft:leave_game":1,"minecraft:play_time":12909,"minecraft:sprint_one_cm":205,"minecraft:damage_taken":10,"minecraft:time_since_death":12909,"minecraft:walk_one_cm":18320,"minecraft:sneak_time":254,"minecraft:total_world_time":12909,"minecraft:fall_one_cm":209,"minecraft:fly_one_cm":594,"minecraft:jump":102},"minecraft:picked_up":{"gemsnjewels:alexandrite_leggings":1,"gemsnjewels:alexandrite_helmet":1,"biomesoplenty:burning_blossom":1,"nethersdelight:hoglin_sirloin":7,"gemsnjewels:alexandrite_boots":1,"minecraft:dirt":1,"gemsnjewels:alexandrite_chestplate":1}},"DataVersion":3120}