{"stats":{"minecraft:custom":{"minecraft:time_since_rest":47211,"minecraft:sprint_one_cm":12788,"twilightforest:uncrafting_table_interactions":1,"minecraft:damage_taken":26,"minecraft:walk_one_cm":148452,"minecraft:drop":2,"minecraft:damage_dealt":170,"minecraft:interact_with_crafting_table":2,"minecraft:fly_one_cm":5259,"minecraft:open_chest":1,"minecraft:crouch_one_cm":2415,"minecraft:play_time":47211,"minecraft:sneak_time":502,"minecraft:walk_under_water_one_cm":12875,"minecraft:jump":365,"minecraft:leave_game":2,"minecraft:walk_on_water_one_cm":5162,"minecraft:time_since_death":47211,"minecraft:climb_one_cm":1442,"minecraft:total_world_time":47211,"minecraft:fall_one_cm":5645},"minecraft:used":{"minecraft:stone_pickaxe":48,"minecraft:wooden_pickaxe":59,"nethersdelight:hoglin_sirloin":1,"minecraft:dirt":61,"minecraft:cobblestone":37,"minecraft:oak_sapling":1},"minecraft:picked_up":{"minecraft:stick":1,"biomesoplenty:burning_blossom":1,"gemsnjewels:alexandrite_boots":1,"minecraft:wooden_pickaxe":1,"gemsnjewels:alexandrite_leggings":1,"minecraft:gravel":3,"gemsnjewels:alexandrite_helmet":1,"minecraft:potion":1,"minecraft:oak_log":6,"minecraft:dirt":92,"minecraft:rotten_flesh":1,"minecraft:stone_pickaxe":1,"nethersdelight:hoglin_sirloin":37,"minecraft:oak_sapling":1,"minecraft:oak_planks":97,"gemsnjewels:alexandrite_chestplate":1,"minecraft:cobblestone":139},"minecraft:dropped":{"minecraft:oak_log":6,"minecraft:cobblestone":21},"minecraft:mined":{"biomesoplenty:maple_leaves":1,"minecraft:grass_block":30,"minecraft:oak_log":6,"minecraft:gravel":2,"minecraft:dirt":55,"minecraft:cobblestone":2,"minecraft:stone":77},"minecraft:broken":{"minecraft:wooden_pickaxe":1}},"DataVersion":3120}