{"stats":{"minecraft:custom":{"minecraft:open_chest":1,"minecraft:time_since_rest":24909,"twilightforest:uncrafting_table_interactions":1,"minecraft:crouch_one_cm":1698,"minecraft:sprint_one_cm":1592,"minecraft:play_time":24909,"minecraft:damage_taken":22,"minecraft:walk_one_cm":68298,"minecraft:sneak_time":405,"minecraft:walk_under_water_one_cm":110,"minecraft:jump":244,"minecraft:damage_dealt":157,"minecraft:leave_game":1,"minecraft:time_since_death":24909,"minecraft:walk_on_water_one_cm":1263,"minecraft:total_world_time":24909,"minecraft:climb_one_cm":1442,"minecraft:interact_with_crafting_table":1,"minecraft:fall_one_cm":3377,"minecraft:fly_one_cm":2155},"minecraft:used":{"nethersdelight:hoglin_sirloin":1,"minecraft:oak_sapling":1},"minecraft:picked_up":{"minecraft:stick":1,"biomesoplenty:burning_blossom":1,"gemsnjewels:alexandrite_boots":1,"gemsnjewels:alexandrite_leggings":1,"gemsnjewels:alexandrite_helmet":1,"nethersdelight:hoglin_sirloin":7,"minecraft:oak_sapling":1,"gemsnjewels:alexandrite_chestplate":1,"minecraft:dirt":1}},"DataVersion":3120}