{"stats":{"minecraft:picked_up":{"minecraft:iron_chestplate":1,"minecraft:crafting_table":1,"gemsnjewels:solid_opal_pickaxe":1,"biomesoplenty:glowshroom":12,"minecraft:tuff":1,"gemsnjewels:diamond_set_gold_ring":1,"sophisticatedbackpacks:iron_backpack":1,"minecraft:gunpowder":1,"gemsnjewels:ruby_set_gold_ring":1,"biomesoplenty:glowing_moss_block":14,"minecraft:spider_eye":1,"minecraft:iron_axe":1,"biomesoplenty:glowing_moss_carpet":7,"minecraft:cooked_salmon":20,"gemsnjewels:opal_set_gold_ring":1,"minecraft:iron_leggings":1,"minecraft:cobbled_deepslate":5,"biomesoplenty:glowworm_silk":6,"minecraft:iron_helmet":1,"minecraft:iron_pickaxe":1,"gemsnjewels:solid_emerald_pickaxe":1,"minecraft:iron_sword":1,"minecraft:iron_boots":1},"minecraft:used":{"minecraft:iron_axe":15,"gemsnjewels:solid_opal_pickaxe":32,"gemsnjewels:solid_emerald_pickaxe":2},"minecraft:killed_by":{"minecraft:zombie":1},"minecraft:custom":{"minecraft:time_since_rest":220,"minecraft:sprint_one_cm":12972,"minecraft:damage_taken":240,"minecraft:walk_one_cm":40603,"minecraft:mob_kills":4,"minecraft:damage_dealt":990,"minecraft:interact_with_crafting_table":3,"minecraft:fly_one_cm":11605,"minecraft:crouch_one_cm":1238,"minecraft:play_time":39030,"minecraft:deaths":1,"minecraft:sneak_time":496,"minecraft:walk_under_water_one_cm":12248,"minecraft:jump":262,"minecraft:leave_game":1,"minecraft:walk_on_water_one_cm":14562,"minecraft:time_since_death":2619,"minecraft:total_world_time":39030,"minecraft:fall_one_cm":5271},"minecraft:killed":{"alexsmobs:catfish":2,"minecraft:spider":1,"minecraft:glow_squid":1},"minecraft:mined":{"biomesoplenty:glowing_moss_block":16,"minecraft:tuff":1,"biomesoplenty:glowshroom":6,"biomesoplenty:glowworm_silk_strand":4,"biomesoplenty:glowing_moss_carpet":4,"biomesoplenty:glowworm_silk":13,"minecraft:crafting_table":1,"biomesoplenty:glowshroom_block":18,"minecraft:mushroom_stem":7,"minecraft:deepslate":5}},"DataVersion":3120}