{"stats":{"minecraft:custom":{"minecraft:time_since_rest":2800,"minecraft:sprint_one_cm":18139,"minecraft:damage_taken":260,"minecraft:walk_one_cm":44837,"minecraft:mob_kills":4,"minecraft:damage_dealt":994,"minecraft:interact_with_crafting_table":3,"minecraft:fly_one_cm":13771,"minecraft:crouch_one_cm":1238,"minecraft:play_time":41610,"minecraft:deaths":1,"minecraft:sneak_time":496,"minecraft:walk_under_water_one_cm":12942,"minecraft:jump":292,"minecraft:leave_game":1,"minecraft:time_since_death":5199,"minecraft:walk_on_water_one_cm":19260,"minecraft:total_world_time":41610,"minecraft:fall_one_cm":6569},"minecraft:killed_by":{"minecraft:zombie":1},"minecraft:picked_up":{"minecraft:crafting_table":1,"minecraft:iron_chestplate":1,"artifacts:night_vision_goggles":1,"farmersdelight:rice":3,"gemsnjewels:solid_opal_pickaxe":1,"minecraft:brown_mushroom":1,"biomesoplenty:glowshroom":12,"minecraft:tuff":1,"gemsnjewels:diamond_set_gold_ring":1,"sophisticatedbackpacks:iron_backpack":1,"minecraft:gunpowder":1,"gemsnjewels:ruby_set_gold_ring":1,"biomesoplenty:glowing_moss_block":14,"minecraft:spider_eye":1,"minecraft:iron_axe":1,"biomesoplenty:glowing_moss_carpet":7,"minecraft:cooked_salmon":20,"gemsnjewels:opal_set_gold_ring":1,"minecraft:iron_leggings":1,"minecraft:cobbled_deepslate":5,"biomesoplenty:glowworm_silk":6,"minecraft:iron_helmet":1,"minecraft:iron_pickaxe":1,"gemsnjewels:solid_emerald_pickaxe":1,"minecraft:iron_sword":1,"minecraft:iron_boots":1},"minecraft:killed":{"alexsmobs:catfish":2,"minecraft:spider":1,"minecraft:glow_squid":1},"minecraft:mined":{"biomesoplenty:glowing_moss_block":16,"minecraft:tuff":1,"biomesoplenty:glowshroom":6,"minecraft:brown_mushroom":1,"farmersdelight:wild_rice":3,"biomesoplenty:glowworm_silk_strand":4,"biomesoplenty:glowing_moss_carpet":4,"biomesoplenty:glowworm_silk":13,"minecraft:crafting_table":1,"biomesoplenty:glowshroom_block":18,"minecraft:mushroom_stem":7,"minecraft:deepslate":5},"minecraft:used":{"minecraft:iron_axe":15,"gemsnjewels:solid_opal_pickaxe":32,"gemsnjewels:solid_emerald_pickaxe":2}},"DataVersion":3120}