{"stats":{"minecraft:custom":{"lootr:looted_stat":2,"minecraft:mob_kills":14,"minecraft:animals_bred":2,"minecraft:interact_with_crafting_table":12,"minecraft:leave_game":1,"minecraft:time_since_death":106368,"minecraft:sleep_in_bed":3,"minecraft:climb_one_cm":194,"minecraft:time_since_rest":12148,"minecraft:sprint_one_cm":232862,"minecraft:damage_taken":994,"minecraft:walk_one_cm":295745,"minecraft:drop":23,"minecraft:damage_dealt":2896,"minecraft:fly_one_cm":74444,"minecraft:open_chest":2,"minecraft:crouch_one_cm":5454,"minecraft:play_time":179610,"tombstone:undead_killed":2,"minecraft:deaths":2,"minecraft:sneak_time":2520,"minecraft:walk_under_water_one_cm":17032,"minecraft:jump":1081,"minecraft:interact_with_blast_furnace":4,"minecraft:walk_on_water_one_cm":32693,"minecraft:total_world_time":179610,"minecraft:fall_one_cm":20261},"minecraft:killed_by":{"minecraft:zombie":1,"alexsmobs:grizzly_bear":1},"minecraft:picked_up":{"minecraft:iron_chestplate":1,"minecraft:crafting_table":1,"minecraft:wheat":14,"minecraft:lilac":36,"artifacts:night_vision_goggles":1,"farmersdelight:rice":3,"minecraft:brown_mushroom":2,"biomesoplenty:glowshroom":12,"alexsmobs:bear_fur":1,"biomesoplenty:violet":1,"gemsnjewels:diamond_set_gold_ring":1,"minecraft:tuff":1,"minecraft:oak_log":12,"supplementaries:flute":1,"gemsnjewels:ruby_set_gold_ring":1,"minecraft:gunpowder":1,"farmersdelight:tomato":5,"minecraft:dirt":24,"biomesoplenty:glowing_moss_carpet":7,"minecraft:iron_axe":1,"minecraft:cooked_salmon":20,"minecraft:iron_leggings":1,"minecraft:wheat_seeds":26,"biomesoplenty:glowworm_silk":12,"minecraft:cobbled_deepslate":5,"minecraft:beef":7,"gemsnjewels:solid_emerald_pickaxe":1,"minecraft:iron_pickaxe":1,"farmersdelight:golden_knife":1,"minecraft:oak_planks":15,"minecraft:iron_sword":1,"minecraft:iron_boots":1,"biomesoplenty:toadstool":2,"minecraft:raw_iron":13,"minecraft:cooked_porkchop":8,"gemsnjewels:solid_opal_pickaxe":1,"minecraft:porkchop":4,"minecraft:sand":1,"farmersdelight:tomato_seeds":22,"sophisticatedbackpacks:iron_backpack":1,"minecraft:spruce_log":1,"minecraft:carrot":35,"biomesoplenty:glowing_moss_block":14,"minecraft:spruce_door":1,"minecraft:spider_eye":1,"gemsnjewels:opal_set_gold_ring":1,"minecraft:purple_bed":2,"minecraft:rotten_flesh":1,"minecraft:golden_hoe":1,"minecraft:iron_helmet":1,"supplementaries:bubble_blower":1,"minecraft:mutton":3,"minecraft:coal":100,"minecraft:white_wool":2,"minecraft:cobblestone":6,"minecraft:sunflower":3},"minecraft:killed":{"minecraft:pig":2,"alexsmobs:grizzly_bear":2,"minecraft:spider":2,"minecraft:sheep":2,"alexsmobs:catfish":2,"minecraft:zombie":2,"minecraft:glow_squid":1,"minecraft:cow":3},"minecraft:mined":{"biomesoplenty:glowing_moss_block":16,"minecraft:tuff":1,"biomesoplenty:glowshroom":6,"minecraft:brown_mushroom":1,"biomesoplenty:glowing_moss_carpet":4,"biomesoplenty:glowworm_silk":13,"farmersdelight:wild_carrots":12,"quark:lavender_blossom_leaves":8,"minecraft:crafting_table":1,"biomesoplenty:bush":19,"minecraft:grass_block":13,"minecraft:mushroom_stem":7,"minecraft:spruce_wall_sign":1,"farmersdelight:wild_tomatoes":7,"biomesoplenty:sprout":1,"minecraft:oak_planks":6,"minecraft:purple_bed":3,"biomesoplenty:toadstool":1,"biomesoplenty:glowworm_silk_strand":4,"farmersdelight:wild_rice":3,"minecraft:iron_ore":5,"minecraft:lilac":47,"minecraft:spruce_log":1,"biomesoplenty:violet":1,"minecraft:andesite":4,"minecraft:grass":26,"minecraft:oak_log":12,"biomesoplenty:glowshroom_block":18,"minecraft:coal_ore":50,"minecraft:gravel":3,"minecraft:sunflower":3,"minecraft:sand":1,"minecraft:dirt":14,"minecraft:stone":6,"minecraft:deepslate":5,"minecraft:fern":11},"minecraft:used":{"minecraft:spruce_door":1,"gemsnjewels:solid_opal_pickaxe":83,"minecraft:oak_planks":49,"minecraft:iron_sword":19,"minecraft:cooked_salmon":9,"minecraft:golden_hoe":7,"gemsnjewels:solid_emerald_pickaxe":2,"minecraft:tuff":1,"minecraft:sunflower":1,"minecraft:iron_axe":178,"minecraft:iron_pickaxe":15,"minecraft:cobblestone":6,"minecraft:purple_bed":2,"minecraft:cooked_porkchop":1,"tombstone:gift":2,"quark:oak_chest":1,"minecraft:cobbled_deepslate":5},"minecraft:crafted":{"minecraft:oak_planks":48,"minecraft:bucket":1,"quark:oak_chest":1,"minecraft:iron_ingot":9},"minecraft:dropped":{"biomesoplenty:toadstool":2,"minecraft:brown_mushroom":2,"alexsmobs:animal_dictionary":1,"minecraft:feather":4,"minecraft:rotten_flesh":1,"minecraft:hopper_minecart":1,"alexsmobs:bear_fur":1,"minecraft:coal":36,"biomesoplenty:glowing_moss_carpet":7,"biomesoplenty:violet":1,"minecraft:dirt":22,"minecraft:gunpowder":1,"minecraft:cooked_salmon":5,"tombstone:grave_dust":1,"minecraft:spruce_log":1,"minecraft:sand":1,"farmersdelight:tomato":1}},"DataVersion":3120}