{"stats":{"minecraft:custom":{"minecraft:time_since_rest":1493,"lootr:looted_stat":2,"minecraft:sprint_one_cm":63005,"minecraft:damage_taken":604,"minecraft:walk_one_cm":89333,"minecraft:mob_kills":5,"minecraft:damage_dealt":1428,"minecraft:interact_with_crafting_table":3,"minecraft:fly_one_cm":31753,"minecraft:crouch_one_cm":1660,"minecraft:play_time":77610,"tombstone:undead_killed":1,"minecraft:deaths":2,"minecraft:sneak_time":799,"minecraft:walk_under_water_one_cm":13092,"minecraft:jump":507,"minecraft:leave_game":1,"minecraft:time_since_death":4368,"minecraft:walk_on_water_one_cm":20377,"minecraft:sleep_in_bed":1,"minecraft:climb_one_cm":194,"minecraft:total_world_time":77610,"minecraft:fall_one_cm":12105},"minecraft:killed_by":{"minecraft:zombie":1,"alexsmobs:grizzly_bear":1},"minecraft:picked_up":{"minecraft:crafting_table":1,"minecraft:iron_chestplate":1,"artifacts:night_vision_goggles":1,"farmersdelight:rice":3,"gemsnjewels:solid_opal_pickaxe":1,"minecraft:brown_mushroom":1,"alexsmobs:bear_fur":1,"biomesoplenty:violet":1,"biomesoplenty:glowshroom":12,"minecraft:tuff":1,"gemsnjewels:diamond_set_gold_ring":1,"supplementaries:flute":1,"sophisticatedbackpacks:iron_backpack":1,"minecraft:gunpowder":1,"gemsnjewels:ruby_set_gold_ring":1,"biomesoplenty:glowing_moss_block":14,"minecraft:spider_eye":1,"minecraft:iron_axe":1,"biomesoplenty:glowing_moss_carpet":7,"minecraft:cooked_salmon":20,"gemsnjewels:opal_set_gold_ring":1,"minecraft:iron_leggings":1,"minecraft:purple_bed":2,"minecraft:wheat_seeds":6,"minecraft:cobbled_deepslate":5,"biomesoplenty:glowworm_silk":6,"supplementaries:bubble_blower":1,"minecraft:iron_helmet":1,"minecraft:iron_pickaxe":1,"gemsnjewels:solid_emerald_pickaxe":1,"minecraft:iron_sword":1,"minecraft:iron_boots":1},"minecraft:killed":{"alexsmobs:catfish":2,"minecraft:zombie":1,"alexsmobs:grizzly_bear":1,"minecraft:spider":1,"minecraft:glow_squid":1},"minecraft:mined":{"biomesoplenty:glowing_moss_block":16,"minecraft:purple_bed":3,"minecraft:tuff":1,"biomesoplenty:glowshroom":6,"minecraft:brown_mushroom":1,"farmersdelight:wild_rice":3,"biomesoplenty:glowworm_silk_strand":4,"biomesoplenty:glowing_moss_carpet":4,"biomesoplenty:glowworm_silk":13,"quark:lavender_blossom_leaves":8,"biomesoplenty:violet":1,"minecraft:crafting_table":1,"minecraft:grass":1,"biomesoplenty:glowshroom_block":18,"minecraft:spruce_wall_sign":1,"minecraft:mushroom_stem":7,"minecraft:deepslate":5,"minecraft:fern":3},"minecraft:used":{"minecraft:iron_axe":15,"gemsnjewels:solid_opal_pickaxe":32,"minecraft:iron_sword":19,"minecraft:cooked_salmon":2,"minecraft:purple_bed":1,"gemsnjewels:solid_emerald_pickaxe":2,"tombstone:gift":2,"minecraft:tuff":1}},"DataVersion":3120}