{"stats":{"minecraft:killed":{"minecraft:spider":2,"minecraft:skeleton":4,"minecraft:pig":2,"alexsmobs:grizzly_bear":2,"minecraft:sheep":2,"alexsmobs:catfish":2,"minecraft:zombie":2,"minecraft:glow_squid":1,"minecraft:cow":3},"minecraft:dropped":{"minecraft:brown_mushroom":2,"minecraft:crafting_table":1,"biomesoplenty:maple_sapling":2,"minecraft:feather":4,"minecraft:hopper_minecart":1,"minecraft:coal":36,"biomesoplenty:violet":1,"minecraft:dirt":28,"minecraft:cooked_salmon":5,"tombstone:grave_dust":1,"minecraft:sand":1,"minecraft:white_wool":2,"biomesoplenty:toadstool":2,"alexsmobs:animal_dictionary":1,"minecraft:rotten_flesh":1,"minecraft:oak_planks":5,"alexsmobs:bear_fur":1,"biomesoplenty:glowing_moss_carpet":7,"minecraft:shield":1,"minecraft:gunpowder":1,"minecraft:wooden_shovel":1,"minecraft:spider_eye":1,"minecraft:spruce_log":1,"farmersdelight:tomato":1},"minecraft:crafted":{"minecraft:oak_planks":84,"minecraft:oak_slab":12,"minecraft:wooden_shovel":1,"minecraft:crafting_table":1,"minecraft:bucket":3,"farmersdelight:wheat_dough":3,"quark:oak_chest":1,"minecraft:iron_ingot":9},"minecraft:custom":{"lootr:looted_stat":2,"minecraft:mob_kills":18,"minecraft:animals_bred":3,"minecraft:interact_with_crafting_table":17,"minecraft:leave_game":2,"minecraft:time_since_death":147733,"minecraft:climb_one_cm":194,"minecraft:sprint_one_cm":305660,"minecraft:walk_one_cm":393561,"minecraft:drop":33,"minecraft:talked_to_villager":1,"minecraft:play_time":220975,"minecraft:deaths":2,"minecraft:sneak_time":2971,"minecraft:walk_under_water_one_cm":17032,"minecraft:jump":1368,"minecraft:interact_with_blast_furnace":6,"minecraft:walk_on_water_one_cm":32693,"minecraft:total_world_time":220975,"minecraft:pot_flower":1,"minecraft:sleep_in_bed":3,"minecraft:time_since_rest":53513,"minecraft:damage_taken":1220,"minecraft:damage_dealt":3449,"minecraft:fly_one_cm":101115,"minecraft:open_chest":13,"minecraft:crouch_one_cm":6464,"tombstone:undead_killed":6,"minecraft:interact_with_smoker":1,"minecraft:fall_one_cm":25227},"minecraft:used":{"minecraft:iron_sword":19,"minecraft:wooden_shovel":61,"minecraft:cooked_salmon":9,"minecraft:dirt":51,"gemsnjewels:solid_alexandrite_sword":10,"gemsnjewels:solid_emerald_pickaxe":2,"minecraft:tuff":1,"minecraft:iron_axe":195,"tombstone:gift":2,"minecraft:cobbled_deepslate":5,"minecraft:water_bucket":1,"minecraft:spruce_door":1,"gemsnjewels:solid_opal_pickaxe":83,"minecraft:oak_planks":70,"minecraft:golden_hoe":37,"minecraft:oak_slab":12,"minecraft:crafting_table":1,"gemsnjewels:solid_alexandrite_axe":22,"minecraft:sunflower":1,"minecraft:iron_pickaxe":15,"minecraft:cobblestone":6,"minecraft:purple_bed":2,"minecraft:cooked_porkchop":6,"minecraft:bucket":3,"quark:oak_chest":1},"minecraft:killed_by":{"minecraft:zombie":1,"alexsmobs:grizzly_bear":1},"minecraft:picked_up":{"minecraft:cocoa_beans":3,"minecraft:iron_chestplate":1,"minecraft:crafting_table":1,"minecraft:wheat":14,"artifacts:night_vision_goggles":1,"minecraft:brown_mushroom":2,"biomesoplenty:violet":1,"gemsnjewels:diamond_set_gold_ring":1,"minecraft:shield":1,"gemsnjewels:ruby_set_gold_ring":1,"minecraft:iron_axe":2,"minecraft:cooked_salmon":20,"minecraft:iron_leggings":1,"minecraft:gold_nugget":27,"minecraft:cobbled_deepslate":5,"minecraft:beef":7,"minecraft:wooden_shovel":1,"minecraft:iron_pickaxe":1,"farmersdelight:golden_knife":1,"minecraft:iron_boots":1,"minecraft:raw_iron":13,"minecraft:fire_charge":2,"minecraft:porkchop":4,"farmersdelight:tomato_seeds":22,"tombstone:grave_dust":2,"minecraft:carrot":35,"minecraft:redstone":9,"minecraft:iron_horse_armor":1,"minecraft:arrow":8,"minecraft:rotten_flesh":3,"minecraft:golden_hoe":1,"minecraft:mutton":3,"minecraft:white_wool":2,"minecraft:cobblestone":6,"minecraft:lilac":36,"farmersdelight:rice":3,"biomesoplenty:glowshroom":12,"alexsmobs:bear_fur":1,"minecraft:tuff":1,"minecraft:oak_log":34,"supplementaries:flute":1,"minecraft:gunpowder":1,"farmersdelight:tomato":5,"minecraft:dirt":99,"biomesoplenty:glowing_moss_carpet":7,"minecraft:bone":4,"minecraft:wheat_seeds":28,"biomesoplenty:glowworm_silk":12,"gemsnjewels:solid_emerald_pickaxe":1,"minecraft:oak_planks":20,"minecraft:iron_sword":1,"biomesoplenty:toadstool":2,"gemsnjewels:alexandrite":29,"minecraft:cooked_porkchop":8,"gemsnjewels:solid_opal_pickaxe":1,"minecraft:sand":1,"sophisticatedbackpacks:iron_backpack":1,"minecraft:spruce_log":1,"biomesoplenty:glowing_moss_block":14,"minecraft:spider_eye":1,"minecraft:spruce_door":1,"gemsnjewels:opal_set_gold_ring":1,"biomesoplenty:maple_sapling":3,"minecraft:purple_bed":2,"artifacts:crystal_heart":1,"supplementaries:bubble_blower":1,"minecraft:iron_helmet":1,"minecraft:crossbow":1,"biomesoplenty:pink_daffodil":1,"tombstone:magic_scroll":1,"minecraft:coal":100,"minecraft:sunflower":3},"minecraft:mined":{"biomesoplenty:glowing_moss_block":16,"minecraft:tuff":1,"biomesoplenty:glowshroom":6,"farmersdelight:wild_carrots":12,"biomesoplenty:bush":19,"minecraft:grass_block":82,"biomesoplenty:toadstool":1,"farmersdelight:wild_rice":3,"minecraft:iron_ore":5,"biomesoplenty:violet":1,"minecraft:andesite":4,"biomesoplenty:glowshroom_block":18,"minecraft:stone":6,"minecraft:brown_mushroom":1,"biomesoplenty:glowing_moss_carpet":4,"biomesoplenty:glowworm_silk":13,"quark:lavender_blossom_leaves":8,"minecraft:crafting_table":1,"minecraft:spruce_wall_sign":1,"minecraft:mushroom_stem":7,"biomesoplenty:sprout":1,"farmersdelight:wild_tomatoes":7,"minecraft:oak_planks":6,"minecraft:purple_bed":3,"biomesoplenty:glowworm_silk_strand":4,"minecraft:lilac":47,"minecraft:spruce_log":1,"biomesoplenty:maple_leaves":4,"minecraft:grass":33,"minecraft:coal_ore":50,"minecraft:oak_log":34,"minecraft:dirt":16,"minecraft:sand":1,"minecraft:sunflower":3,"minecraft:gravel":3,"minecraft:deepslate":5,"minecraft:fern":17},"minecraft:broken":{"minecraft:wooden_shovel":1}},"DataVersion":3120}