{"stats":{"minecraft:custom":{"lootr:looted_stat":13,"minecraft:animals_bred":4,"minecraft:interact_with_crafting_table":56,"minecraft:leave_game":3,"minecraft:time_since_death":504939,"minecraft:sprint_one_cm":981710,"minecraft:drop":103,"minecraft:talked_to_villager":11,"minecraft:play_time":578181,"minecraft:deaths":2,"minecraft:jump":4368,"minecraft:walk_on_water_one_cm":69421,"minecraft:interact_with_furnace":2,"twilightforest:uncrafting_table_interactions":3,"minecraft:sleep_in_bed":5,"minecraft:damage_dealt":12452,"minecraft:crouch_one_cm":14167,"tombstone:undead_killed":27,"minecraft:interact_with_smoker":1,"minecraft:interact_with_smithing_table":1,"minecraft:mob_kills":77,"minecraft:climb_one_cm":284,"minecraft:walk_one_cm":1562810,"minecraft:raid_win":1,"minecraft:sneak_time":6925,"minecraft:walk_under_water_one_cm":74821,"minecraft:boat_one_cm":33741,"minecraft:interact_with_blast_furnace":11,"minecraft:total_world_time":578181,"tombstone:raider_killed":4,"minecraft:pot_flower":1,"minecraft:time_since_rest":63355,"minecraft:damage_taken":3114,"minecraft:damage_absorbed":43,"minecraft:fly_one_cm":343526,"minecraft:open_chest":46,"minecraft:fall_one_cm":74457},"minecraft:used":{"farmersdelight:cabbage_seeds":44,"minecraft:oak_sign":7,"minecraft:iron_sword":19,"minecraft:carrot":15,"gemsnjewels:solid_emerald_pickaxe":2,"minecraft:tuff":1,"farmersdelight:tomato":16,"farmersdelight:melon_popsicle":1,"gemsnjewels:solid_alexandrite_pickaxe":108,"farmersdelight:wheat_dough":1,"farmersdelight:cutting_board":4,"minecraft:bow":16,"minecraft:sweet_berries":27,"minecraft:beetroot_seeds":20,"minecraft:potato":22,"alexsmobs:raw_catfish":3,"minecraft:spruce_door":1,"gemsnjewels:solid_opal_pickaxe":83,"minecraft:oak_planks":93,"minecraft:oak_leaves":95,"minecraft:golden_apple":1,"minecraft:golden_hoe":41,"farmersdelight:cod_roll":1,"minecraft:crossbow":1,"farmersdelight:rice":10,"minecraft:shears":147,"minecraft:pumpkin_seeds":25,"minecraft:birch_fence":24,"minecraft:birch_fence_gate":1,"minecraft:bread":5,"minecraft:melon_slice":5,"minecraft:lilac":94,"supplementaries:flax_seeds":12,"minecraft:bone_meal":24,"sophisticatedbackpacks:iron_backpack":2,"biomesoplenty:glowing_moss_block":1,"minecraft:wooden_shovel":121,"minecraft:cooked_salmon":9,"minecraft:torch":48,"minecraft:dirt":188,"gemsnjewels:solid_alexandrite_sword":280,"minecraft:iron_axe":259,"minecraft:melon_seeds":16,"tombstone:gift":3,"farmersdelight:tomato_seeds":45,"minecraft:cobbled_deepslate":5,"farmersdelight:squid_ink_pasta":2,"minecraft:wheat_seeds":23,"minecraft:water_bucket":18,"farmersdelight:tomato_crate":3,"minecraft:baked_potato":3,"farmersdelight:onion":18,"minecraft:oak_slab":12,"minecraft:crafting_table":3,"gemsnjewels:solid_alexandrite_axe":458,"minecraft:white_bed":1,"minecraft:oak_log":10,"minecraft:wooden_hoe":365,"minecraft:apple":1,"minecraft:sunflower":12,"minecraft:iron_pickaxe":15,"minecraft:cobblestone":10,"minecraft:purple_bed":3,"minecraft:cooked_porkchop":8,"minecraft:bucket":21,"quark:oak_chest":1},"minecraft:picked_up":{"minecraft:iron_chestplate":1,"minecraft:wheat":36,"biomesoplenty:violet":3,"minecraft:enchanted_book":1,"gemsnjewels:diamond_set_gold_ring":4,"farmersdelight:cutting_board":4,"minecraft:string":2,"minecraft:cooked_salmon":20,"biomesoplenty:yellow_autumn_sapling":4,"minecraft:iron_leggings":1,"minecraft:experience_bottle":2,"biomesoplenty:yellow_autumn_leaves":2,"minecraft:oak_sign":4,"minecraft:beetroot":51,"minecraft:gold_nugget":29,"minecraft:cobbled_deepslate":5,"farmersdelight:cabbage":3,"minecraft:written_book":1,"minecraft:wooden_shovel":1,"minecraft:iron_pickaxe":1,"minecraft:melon_slice":6,"farmersdelight:cabbage_seeds":19,"minecraft:iron_boots":1,"minecraft:stick":45,"minecraft:torch":12,"minecraft:porkchop":4,"tombstone:grave_dust":2,"minecraft:diorite":2,"gemsnjewels:spinel":1,"farmersdelight:melon_popsicle":1,"farmersdelight:tomato_crate":3,"minecraft:rotten_flesh":8,"farmersdelight:onion":15,"supplementaries:ash":1,"farmersdelight:raw_pasta":5,"minecraft:cobblestone":10,"minecraft:birch_log":95,"minecraft:lilac":135,"farmersdelight:rice":3,"biomesoplenty:glowshroom":12,"alexsmobs:bear_fur":2,"minecraft:potato":7,"minecraft:tuff":1,"supplementaries:flute":2,"supplementaries:flax_seeds":12,"farmersdelight:tomato":26,"minecraft:dirt":255,"minecraft:bone":18,"minecraft:wheat_seeds":53,"gemsnjewels:solid_emerald_pickaxe":1,"minecraft:oak_planks":49,"biomesoplenty:toadstool":2,"gemsnjewels:alexandrite":29,"minecraft:cooked_porkchop":8,"minecraft:axolotl_bucket":1,"minecraft:sand":4,"minecraft:melon":2,"sophisticatedbackpacks:iron_backpack":2,"minecraft:ink_sac":8,"minecraft:diamond":1,"twilightforest:twilight_oak_sapling":9,"artifacts:crystal_heart":1,"supplementaries:bubble_blower":1,"minecraft:crossbow":1,"minecraft:bone_meal":2,"minecraft:emerald":4,"biomesoplenty:pink_daffodil":1,"minecraft:oak_sapling":17,"twilightforest:torchberries":1,"minecraft:oak_leaves":153,"minecraft:cocoa_beans":3,"minecraft:crafting_table":1,"artifacts:night_vision_goggles":1,"minecraft:brown_mushroom":15,"gemsnjewels:alexandrite_helmet":1,"tombstone:rabbit_mask":1,"minecraft:shield":2,"gemsnjewels:ruby_set_gold_ring":1,"minecraft:iron_axe":2,"twilightforest:filled_magic_map":1,"minecraft:item_frame":2,"minecraft:beef":7,"biomesoplenty:sprout":4,"minecraft:poppy":1,"farmersdelight:golden_knife":1,"minecraft:diamond_hoe":1,"minecraft:egg":6,"minecraft:raw_iron":119,"minecraft:fire_charge":2,"farmersdelight:tomato_seeds":46,"minecraft:carrot":48,"minecraft:redstone":9,"minecraft:iron_horse_armor":1,"twilightforest:firefly":5,"minecraft:arrow":25,"twilightforest:cicada":1,"minecraft:beetroot_seeds":125,"minecraft:golden_hoe":1,"minecraft:peony":65,"minecraft:shears":2,"minecraft:mutton":3,"minecraft:white_wool":2,"minecraft:salmon":6,"minecraft:leather":1,"minecraft:red_mushroom":11,"minecraft:oak_log":63,"farmersdelight:salmon_slice":4,"minecraft:golden_boots":2,"minecraft:gunpowder":1,"minecraft:paper":7,"tombstone:gift":1,"biomesoplenty:glowing_moss_carpet":7,"minecraft:apple":10,"biomesoplenty:glowworm_silk":18,"minecraft:iron_sword":1,"minecraft:book":2,"minecraft:pumpkin":5,"gemsnjewels:solid_opal_pickaxe":1,"gemsnjewels:totem_of_reflection":1,"minecraft:white_bed":1,"minecraft:spruce_log":12,"biomesoplenty:glowing_moss_block":15,"minecraft:spider_eye":1,"minecraft:spruce_door":1,"gemsnjewels:opal_set_gold_ring":1,"alexsmobs:raw_catfish":3,"minecraft:diamond_shovel":1,"biomesoplenty:maple_sapling":3,"minecraft:pumpkin_seeds":18,"minecraft:purple_bed":3,"minecraft:iron_helmet":1,"minecraft:baked_potato":3,"tombstone:magic_scroll":1,"minecraft:melon_seeds":13,"minecraft:coal":241,"minecraft:hopper":1,"minecraft:sunflower":20},"minecraft:dropped":{"minecraft:brown_mushroom":4,"minecraft:oak_log":7,"minecraft:diamond":1,"minecraft:crafting_table":1,"minecraft:item_frame":2,"minecraft:emerald":1,"minecraft:dirt":65,"minecraft:sunflower":8,"minecraft:sand":1,"minecraft:white_wool":2,"biomesoplenty:toadstool":2,"alexsmobs:animal_dictionary":1,"minecraft:rotten_flesh":6,"minecraft:oak_planks":11,"tombstone:rabbit_mask":1,"minecraft:salmon":1,"biomesoplenty:glowing_moss_carpet":7,"minecraft:gunpowder":1,"minecraft:melon_seeds":3,"minecraft:oak_leaves":28,"farmersdelight:squid_ink_pasta":2,"farmersdelight:tomato_seeds":1,"minecraft:golden_boots":1,"minecraft:wheat_seeds":5,"minecraft:lilac":1,"biomesoplenty:maple_sapling":3,"minecraft:feather":4,"minecraft:book":2,"minecraft:hopper_minecart":1,"twilightforest:twilight_oak_sapling":4,"minecraft:coal":52,"minecraft:stick":66,"biomesoplenty:violet":3,"minecraft:diorite":2,"minecraft:torch":3,"minecraft:cooked_salmon":5,"tombstone:grave_dust":3,"minecraft:string":3,"farmersdelight:cabbage_seeds":3,"minecraft:chicken":1,"minecraft:shears":2,"alexsmobs:bear_fur":1,"biomesoplenty:sprout":4,"minecraft:shield":1,"biomesoplenty:glowworm_silk":12,"minecraft:peony":2,"minecraft:wooden_shovel":1,"minecraft:spider_eye":1,"minecraft:spruce_log":12,"farmersdelight:tomato":2},"minecraft:crafted":{"farmersdelight:squid_ink_pasta":3,"minecraft:oak_planks":124,"minecraft:oak_sign":3,"minecraft:birch_fence_gate":2,"minecraft:oak_slab":12,"minecraft:wooden_shovel":2,"minecraft:crafting_table":3,"minecraft:birch_planks":380,"farmersdelight:wheat_dough":9,"minecraft:wooden_hoe":7,"minecraft:birch_fence":228,"minecraft:stick":184,"quark:oak_chest":1,"minecraft:iron_ingot":11,"minecraft:shears":1,"minecraft:bone_meal":24,"farmersdelight:tomato_crate":1,"farmersdelight:tomato":9,"minecraft:bucket":3,"minecraft:torch":44},"minecraft:killed_by":{"minecraft:zombie":1,"alexsmobs:grizzly_bear":1},"minecraft:mined":{"biomesoplenty:glowshroom":6,"minecraft:white_bed":1,"minecraft:attached_melon_stem":1,"minecraft:farmland":1,"farmersdelight:tomato_crate":2,"minecraft:grass_block":196,"sophisticatedbackpacks:iron_backpack":1,"minecraft:oak_wall_sign":1,"minecraft:tall_seagrass":3,"farmersdelight:wild_rice":3,"minecraft:iron_ore":30,"biomesoplenty:violet":1,"minecraft:pumpkin":5,"biomesoplenty:glowshroom_block":18,"minecraft:oak_sign":3,"minecraft:dirt_path":16,"biomesoplenty:webbing":2,"farmersdelight:wild_potatoes":1,"minecraft:brown_mushroom":1,"biomesoplenty:glowing_moss_carpet":4,"biomesoplenty:glowworm_silk":13,"minecraft:melon_stem":2,"minecraft:torch":1,"minecraft:poppy":1,"minecraft:melon":2,"supplementaries:wild_flax":2,"minecraft:mushroom_stem":7,"minecraft:spruce_wall_sign":1,"farmersdelight:cabbages":8,"minecraft:oak_planks":30,"minecraft:wall_torch":3,"minecraft:seagrass":1,"biomesoplenty:glowworm_silk_strand":4,"minecraft:birch_log":103,"farmersdelight:cutting_board":4,"minecraft:wheat":1,"minecraft:lilac":130,"biomesoplenty:maple_leaves":4,"minecraft:pumpkin_stem":4,"minecraft:grass":90,"minecraft:oak_log":72,"minecraft:dirt":32,"minecraft:sand":4,"minecraft:oak_leaves":235,"minecraft:deepslate":5,"biomesoplenty:reed":3,"minecraft:attached_pumpkin_stem":1,"biomesoplenty:glowing_moss_block":17,"twilightforest:firefly":2,"minecraft:tuff":1,"farmersdelight:onions":2,"farmersdelight:wild_carrots":15,"biomesoplenty:bush":53,"farmersdelight:tomatoes":10,"farmersdelight:wild_cabbages":2,"minecraft:spruce_leaves":20,"biomesoplenty:toadstool":1,"minecraft:andesite":5,"minecraft:peony":95,"minecraft:stone":26,"quark:lavender_blossom_leaves":8,"minecraft:crafting_table":1,"minecraft:tall_grass":8,"biomesoplenty:sprout":13,"farmersdelight:wild_tomatoes":10,"minecraft:diorite":5,"minecraft:purple_bed":4,"biomesoplenty:yellow_autumn_leaves":3,"minecraft:sweet_berry_bush":4,"minecraft:spruce_log":12,"minecraft:coal_ore":90,"minecraft:sunflower":16,"minecraft:gravel":3,"minecraft:fern":24},"minecraft:broken":{"minecraft:wooden_shovel":2,"minecraft:golden_hoe":1,"minecraft:wooden_hoe":5},"minecraft:killed":{"minecraft:cave_spider":3,"minecraft:spider":4,"minecraft:skeleton":10,"minecraft:chicken":1,"minecraft:pig":2,"alexsmobs:grizzly_bear":3,"minecraft:salmon":9,"twilightforest:skeleton_druid":2,"minecraft:sheep":2,"minecraft:zombie":12,"alexsmobs:terrapin":3,"minecraft:glow_squid":1,"minecraft:cow":3,"minecraft:vindicator":1,"minecraft:phantom":3,"twilightforest:naga":1,"twilightforest:death_tome":1,"minecraft:bat":1,"minecraft:squid":1,"alexsmobs:catfish":4,"alexsmobs:crow":1,"minecraft:enderman":1}},"DataVersion":3120}