{"stats":{"minecraft:killed":{"minecraft:cave_spider":3,"minecraft:spider":3,"minecraft:skeleton":5,"minecraft:pig":2,"alexsmobs:grizzly_bear":2,"minecraft:bat":1,"minecraft:sheep":2,"alexsmobs:catfish":2,"minecraft:zombie":4,"minecraft:glow_squid":1,"minecraft:cow":3},"minecraft:dropped":{"minecraft:brown_mushroom":2,"minecraft:crafting_table":1,"biomesoplenty:maple_sapling":3,"minecraft:feather":4,"minecraft:hopper_minecart":1,"minecraft:coal":36,"minecraft:stick":59,"biomesoplenty:violet":3,"minecraft:dirt":28,"minecraft:diorite":2,"minecraft:cooked_salmon":5,"tombstone:grave_dust":3,"minecraft:sand":1,"minecraft:white_wool":2,"biomesoplenty:toadstool":2,"alexsmobs:animal_dictionary":1,"farmersdelight:cabbage_seeds":3,"minecraft:rotten_flesh":1,"minecraft:oak_planks":11,"alexsmobs:bear_fur":1,"biomesoplenty:glowing_moss_carpet":7,"minecraft:shield":1,"minecraft:gunpowder":1,"minecraft:wooden_shovel":1,"minecraft:spider_eye":1,"minecraft:spruce_log":1,"farmersdelight:tomato":1},"minecraft:crafted":{"minecraft:oak_planks":84,"minecraft:oak_slab":12,"minecraft:wooden_shovel":1,"minecraft:crafting_table":1,"minecraft:bucket":3,"farmersdelight:wheat_dough":3,"minecraft:wooden_hoe":2,"minecraft:stick":12,"quark:oak_chest":1,"minecraft:iron_ingot":9,"minecraft:torch":44},"minecraft:custom":{"lootr:looted_stat":4,"minecraft:mob_kills":32,"minecraft:animals_bred":3,"minecraft:interact_with_crafting_table":23,"minecraft:leave_game":2,"minecraft:time_since_death":189733,"minecraft:climb_one_cm":194,"minecraft:sprint_one_cm":400004,"minecraft:walk_one_cm":553210,"minecraft:drop":44,"minecraft:talked_to_villager":9,"minecraft:play_time":262975,"minecraft:deaths":2,"minecraft:sneak_time":3119,"minecraft:walk_under_water_one_cm":19977,"minecraft:jump":1822,"minecraft:interact_with_blast_furnace":9,"minecraft:walk_on_water_one_cm":36233,"minecraft:total_world_time":262975,"minecraft:interact_with_furnace":2,"minecraft:pot_flower":1,"minecraft:sleep_in_bed":3,"minecraft:time_since_rest":95513,"minecraft:damage_taken":1505,"minecraft:damage_dealt":5457,"minecraft:fly_one_cm":127851,"minecraft:open_chest":36,"minecraft:crouch_one_cm":6920,"tombstone:undead_killed":9,"minecraft:interact_with_smoker":1,"minecraft:fall_one_cm":30445},"minecraft:used":{"biomesoplenty:glowing_moss_block":1,"farmersdelight:cabbage_seeds":16,"minecraft:iron_sword":19,"minecraft:wooden_shovel":61,"minecraft:cooked_salmon":9,"minecraft:torch":30,"minecraft:dirt":67,"gemsnjewels:solid_alexandrite_sword":84,"gemsnjewels:solid_emerald_pickaxe":2,"minecraft:tuff":1,"minecraft:iron_axe":202,"gemsnjewels:solid_alexandrite_pickaxe":82,"minecraft:melon_seeds":7,"tombstone:gift":2,"farmersdelight:tomato_seeds":17,"minecraft:cobbled_deepslate":5,"minecraft:wheat_seeds":12,"minecraft:water_bucket":2,"minecraft:spruce_door":1,"gemsnjewels:solid_opal_pickaxe":83,"minecraft:oak_planks":70,"minecraft:golden_hoe":41,"minecraft:oak_slab":12,"minecraft:crafting_table":1,"gemsnjewels:solid_alexandrite_axe":22,"minecraft:crossbow":1,"minecraft:pumpkin_seeds":4,"minecraft:oak_log":4,"minecraft:wooden_hoe":47,"minecraft:sunflower":1,"minecraft:iron_pickaxe":15,"minecraft:cobblestone":6,"minecraft:purple_bed":2,"minecraft:cooked_porkchop":8,"minecraft:bucket":3,"quark:oak_chest":1},"minecraft:killed_by":{"minecraft:zombie":1,"alexsmobs:grizzly_bear":1},"minecraft:picked_up":{"minecraft:cocoa_beans":3,"minecraft:iron_chestplate":1,"minecraft:crafting_table":1,"minecraft:wheat":14,"artifacts:night_vision_goggles":1,"minecraft:brown_mushroom":2,"biomesoplenty:violet":3,"gemsnjewels:diamond_set_gold_ring":1,"minecraft:shield":2,"gemsnjewels:ruby_set_gold_ring":1,"minecraft:iron_axe":2,"minecraft:cooked_salmon":20,"minecraft:iron_leggings":1,"minecraft:gold_nugget":27,"minecraft:cobbled_deepslate":5,"minecraft:beef":7,"minecraft:wooden_shovel":1,"minecraft:poppy":1,"minecraft:iron_pickaxe":1,"farmersdelight:golden_knife":1,"minecraft:iron_boots":1,"minecraft:raw_iron":119,"minecraft:torch":1,"minecraft:fire_charge":2,"minecraft:porkchop":4,"farmersdelight:tomato_seeds":23,"tombstone:grave_dust":2,"minecraft:diorite":2,"minecraft:carrot":35,"minecraft:redstone":9,"minecraft:iron_horse_armor":1,"minecraft:arrow":12,"minecraft:rotten_flesh":7,"minecraft:golden_hoe":1,"minecraft:mutton":3,"minecraft:white_wool":2,"minecraft:cobblestone":6,"minecraft:lilac":36,"farmersdelight:rice":3,"minecraft:leather":1,"biomesoplenty:glowshroom":12,"alexsmobs:bear_fur":1,"minecraft:tuff":1,"minecraft:oak_log":41,"supplementaries:flute":1,"minecraft:golden_boots":2,"minecraft:gunpowder":1,"farmersdelight:tomato":5,"minecraft:dirt":110,"biomesoplenty:glowing_moss_carpet":7,"minecraft:bone":11,"minecraft:wheat_seeds":40,"biomesoplenty:glowworm_silk":12,"gemsnjewels:solid_emerald_pickaxe":1,"minecraft:oak_planks":26,"minecraft:iron_sword":1,"biomesoplenty:toadstool":2,"gemsnjewels:alexandrite":29,"minecraft:cooked_porkchop":8,"gemsnjewels:solid_opal_pickaxe":1,"minecraft:sand":1,"sophisticatedbackpacks:iron_backpack":1,"minecraft:spruce_log":1,"biomesoplenty:glowing_moss_block":15,"minecraft:spider_eye":1,"minecraft:spruce_door":1,"gemsnjewels:opal_set_gold_ring":1,"biomesoplenty:maple_sapling":3,"minecraft:purple_bed":3,"artifacts:crystal_heart":1,"supplementaries:bubble_blower":1,"minecraft:iron_helmet":1,"minecraft:crossbow":1,"biomesoplenty:pink_daffodil":1,"tombstone:magic_scroll":1,"minecraft:coal":161,"minecraft:sunflower":3},"minecraft:mined":{"biomesoplenty:glowing_moss_block":17,"minecraft:tuff":1,"biomesoplenty:glowshroom":6,"minecraft:farmland":1,"farmersdelight:wild_carrots":12,"biomesoplenty:bush":19,"minecraft:grass_block":86,"biomesoplenty:toadstool":1,"farmersdelight:wild_rice":3,"minecraft:iron_ore":30,"biomesoplenty:violet":1,"minecraft:andesite":5,"biomesoplenty:glowshroom_block":18,"biomesoplenty:webbing":2,"minecraft:stone":20,"minecraft:brown_mushroom":1,"biomesoplenty:glowing_moss_carpet":4,"biomesoplenty:glowworm_silk":13,"quark:lavender_blossom_leaves":8,"minecraft:crafting_table":1,"minecraft:poppy":1,"minecraft:spruce_wall_sign":1,"minecraft:mushroom_stem":7,"biomesoplenty:sprout":1,"farmersdelight:wild_tomatoes":7,"minecraft:oak_planks":6,"minecraft:wall_torch":1,"minecraft:diorite":5,"minecraft:purple_bed":4,"biomesoplenty:glowworm_silk_strand":4,"minecraft:lilac":47,"minecraft:spruce_log":1,"biomesoplenty:maple_leaves":4,"minecraft:grass":38,"minecraft:coal_ore":70,"minecraft:oak_log":43,"minecraft:dirt":22,"minecraft:sand":1,"minecraft:sunflower":3,"minecraft:gravel":3,"minecraft:oak_leaves":1,"minecraft:deepslate":5,"minecraft:fern":23},"minecraft:broken":{"minecraft:golden_hoe":1,"minecraft:wooden_shovel":1}},"DataVersion":3120}