{"stats":{"minecraft:broken":{"minecraft:wooden_shovel":2,"gemsnjewels:alexandrite_boots":1,"minecraft:golden_hoe":1,"minecraft:wooden_hoe":5},"minecraft:mined":{"minecraft:spruce_planks":4,"biomesoplenty:glowshroom":6,"minecraft:attached_melon_stem":1,"minecraft:white_bed":1,"minecraft:farmland":1,"minecraft:sculk_vein":7,"farmersdelight:tomato_crate":2,"biomesoplenty:burning_blossom":3,"minecraft:budding_amethyst":3,"biomesoplenty:bramble":1,"gemsnjewels:diamond_nether_ore_block":1,"minecraft:grass_block":202,"sophisticatedbackpacks:iron_backpack":5,"minecraft:oak_wall_sign":1,"minecraft:spawner":1,"minecraft:tall_seagrass":3,"minecraft:magma_block":1,"minecraft:sculk_catalyst":1,"farmersdelight:wild_rice":3,"minecraft:iron_ore":30,"biomesoplenty:violet":1,"minecraft:pumpkin":9,"biomesoplenty:hanging_cobweb":2,"minecraft:sculk_shrieker":2,"biomesoplenty:glowshroom_block":18,"minecraft:oak_sign":3,"minecraft:dirt_path":16,"biomesoplenty:webbing":17,"farmersdelight:rice_panicles":12,"farmersdelight:wild_potatoes":1,"minecraft:brown_mushroom":1,"biomesoplenty:glowing_moss_carpet":4,"minecraft:melon_stem":2,"biomesoplenty:glowworm_silk":13,"minecraft:medium_amethyst_bud":1,"minecraft:soul_fire":2,"biomesoplenty:hanging_cobweb_strand":1,"gemsnjewels:ruby_deepslate_ore_block":3,"minecraft:torch":1,"minecraft:blast_furnace":1,"minecraft:calcite":2,"minecraft:poppy":1,"minecraft:melon":2,"supplementaries:wild_flax":2,"minecraft:mushroom_stem":7,"minecraft:spruce_wall_sign":1,"farmersdelight:cabbages":8,"minecraft:nether_quartz_ore":13,"minecraft:oak_planks":37,"minecraft:wall_torch":3,"minecraft:amethyst_block":67,"minecraft:seagrass":1,"biomesoplenty:glowworm_silk_strand":4,"minecraft:birch_log":103,"farmersdelight:cutting_board":4,"minecraft:wheat":1,"minecraft:lilac":131,"biomesoplenty:maple_leaves":4,"minecraft:pumpkin_stem":4,"minecraft:grass":124,"minecraft:oak_log":72,"minecraft:sand":4,"minecraft:dirt":46,"minecraft:netherrack":111,"minecraft:oak_leaves":240,"minecraft:deepslate":5,"biomesoplenty:reed":3,"minecraft:attached_pumpkin_stem":1,"biomesoplenty:glowing_moss_block":17,"twilightforest:firefly":2,"minecraft:tuff":1,"farmersdelight:onions":2,"minecraft:light_gray_stained_glass_pane":1,"farmersdelight:wild_carrots":16,"minecraft:jack_o_lantern":2,"biomesoplenty:bush":67,"farmersdelight:tomatoes":10,"farmersdelight:wild_cabbages":2,"minecraft:spruce_leaves":20,"minecraft:red_mushroom":2,"minecraft:large_fern":5,"minecraft:black_stained_glass_pane":1,"biomesoplenty:toadstool":2,"supplementaries:flax":20,"minecraft:andesite":5,"minecraft:peony":95,"minecraft:potatoes":2,"minecraft:shroomlight":5,"biomesoplenty:spider_egg":1,"minecraft:stone":33,"minecraft:bone_block":41,"farmersdelight:cooking_pot":1,"quark:lavender_blossom_leaves":8,"minecraft:crafting_table":1,"minecraft:sculk_sensor":1,"minecraft:tall_grass":16,"biomesoplenty:sprout":23,"farmersdelight:wild_tomatoes":11,"farmersdelight:oak_cabinet":4,"minecraft:sculk":52,"minecraft:diorite":5,"supplementaries:urn":2,"minecraft:gray_wool":15,"minecraft:purple_bed":4,"biomesoplenty:yellow_autumn_leaves":3,"minecraft:sweet_berry_bush":4,"minecraft:spruce_log":12,"minecraft:coal_ore":90,"minecraft:sunflower":16,"minecraft:gravel":3,"biomesoplenty:stringy_cobweb":3,"farmersdelight:stove":2,"minecraft:stripped_acacia_wood":4,"minecraft:small_dripleaf":1,"minecraft:birch_fence":1,"minecraft:fern":29},"minecraft:custom":{"lootr:looted_stat":24,"minecraft:animals_bred":6,"minecraft:interact_with_crafting_table":60,"minecraft:leave_game":6,"minecraft:time_since_death":725597,"minecraft:sprint_one_cm":1275331,"minecraft:drop":170,"minecraft:talked_to_villager":17,"minecraft:play_time":798839,"minecraft:deaths":2,"minecraft:jump":6596,"minecraft:walk_on_water_one_cm":84792,"minecraft:interact_with_furnace":2,"twilightforest:uncrafting_table_interactions":3,"minecraft:sleep_in_bed":8,"minecraft:damage_dealt":28388,"minecraft:crouch_one_cm":41778,"tombstone:undead_killed":72,"minecraft:interact_with_smoker":1,"minecraft:interact_with_smithing_table":1,"minecraft:mob_kills":170,"minecraft:damage_dealt_resisted":128,"minecraft:climb_one_cm":2099,"minecraft:walk_one_cm":2165603,"minecraft:damage_dealt_absorbed":80,"minecraft:raid_win":1,"minecraft:sneak_time":15052,"minecraft:walk_under_water_one_cm":89474,"minecraft:boat_one_cm":33741,"minecraft:interact_with_blast_furnace":11,"minecraft:total_world_time":798839,"tombstone:raider_killed":17,"minecraft:pot_flower":1,"minecraft:time_since_rest":123179,"minecraft:damage_absorbed":43,"minecraft:damage_taken":10672,"minecraft:fly_one_cm":631056,"minecraft:open_chest":46,"minecraft:fall_one_cm":138079},"minecraft:killed_by":{"minecraft:zombie":1,"alexsmobs:grizzly_bear":1},"minecraft:used":{"farmersdelight:cabbage_seeds":44,"minecraft:diamond_hoe":66,"minecraft:oak_sign":7,"minecraft:iron_sword":19,"minecraft:carrot":33,"gemsnjewels:solid_emerald_pickaxe":2,"minecraft:tuff":1,"farmersdelight:tomato":21,"farmersdelight:melon_popsicle":1,"gemsnjewels:solid_alexandrite_pickaxe":388,"farmersdelight:wheat_dough":1,"minecraft:bow":190,"farmersdelight:cutting_board":4,"minecraft:sweet_berries":27,"minecraft:beetroot_seeds":20,"minecraft:egg":5,"minecraft:potato":46,"alexsmobs:raw_catfish":3,"minecraft:spruce_door":1,"gemsnjewels:solid_opal_pickaxe":83,"minecraft:oak_planks":93,"minecraft:oak_leaves":95,"minecraft:golden_apple":1,"minecraft:golden_hoe":41,"minecraft:blast_furnace":1,"farmersdelight:cod_roll":1,"minecraft:crossbow":1,"farmersdelight:rice":10,"minecraft:pumpkin_seeds":25,"minecraft:shears":162,"minecraft:birch_fence":27,"minecraft:birch_fence_gate":2,"minecraft:melon_slice":5,"minecraft:bread":6,"minecraft:lilac":95,"nethersdelight:hoglin_sirloin":4,"supplementaries:flax_seeds":28,"minecraft:bone_meal":24,"sophisticatedbackpacks:iron_backpack":4,"biomesoplenty:glowing_moss_block":1,"minecraft:wooden_shovel":121,"minecraft:cooked_salmon":9,"minecraft:netherrack":98,"minecraft:torch":48,"minecraft:dirt":188,"gemsnjewels:solid_alexandrite_sword":756,"minecraft:iron_axe":259,"minecraft:melon_seeds":16,"minecraft:golden_carrot":4,"tombstone:gift":3,"farmersdelight:tomato_seeds":59,"minecraft:cobbled_deepslate":5,"farmersdelight:squid_ink_pasta":2,"biomesoplenty:burning_blossom":1,"minecraft:wheat_seeds":33,"minecraft:water_bucket":18,"nethersdelight:hoglin_loin":10,"farmersdelight:tomato_crate":3,"minecraft:baked_potato":3,"farmersdelight:onion":47,"minecraft:oak_slab":12,"minecraft:crafting_table":3,"gemsnjewels:solid_alexandrite_axe":550,"minecraft:white_bed":1,"minecraft:oak_log":10,"minecraft:wooden_hoe":365,"minecraft:apple":1,"minecraft:diamond_shovel":21,"minecraft:sunflower":12,"minecraft:iron_pickaxe":15,"minecraft:cobblestone":10,"minecraft:purple_bed":3,"minecraft:cooked_porkchop":8,"minecraft:bucket":24,"quark:oak_chest":1,"minecraft:gray_wool":9},"minecraft:crafted":{"farmersdelight:squid_ink_pasta":3,"minecraft:oak_planks":124,"minecraft:oak_sign":3,"minecraft:birch_fence_gate":2,"minecraft:oak_slab":12,"minecraft:wooden_shovel":2,"minecraft:crafting_table":3,"minecraft:birch_planks":380,"farmersdelight:wheat_dough":9,"minecraft:wooden_hoe":7,"minecraft:birch_fence":228,"minecraft:stick":184,"quark:oak_chest":1,"minecraft:iron_ingot":11,"minecraft:shears":2,"minecraft:bone_meal":24,"farmersdelight:tomato_crate":1,"farmersdelight:tomato":9,"farmersdelight:rice":1,"minecraft:bucket":3,"minecraft:torch":44},"minecraft:picked_up":{"minecraft:iron_chestplate":1,"biomesoplenty:burning_blossom":5,"minecraft:wheat":40,"farmersdelight:rice_panicle":4,"biomesoplenty:violet":3,"minecraft:enchanted_book":1,"gemsnjewels:diamond_set_gold_ring":4,"minecraft:amethyst_block":64,"farmersdelight:cutting_board":6,"minecraft:string":12,"minecraft:iron_leggings":1,"minecraft:cooked_salmon":20,"biomesoplenty:yellow_autumn_sapling":4,"minecraft:experience_bottle":2,"minecraft:shroomlight":3,"biomesoplenty:yellow_autumn_leaves":2,"minecraft:oak_sign":4,"minecraft:beetroot":79,"minecraft:gold_nugget":29,"minecraft:cobbled_deepslate":5,"farmersdelight:cabbage":17,"minecraft:spruce_planks":10,"minecraft:written_book":1,"minecraft:wooden_shovel":1,"nethersdelight:hoglin_sirloin":7,"minecraft:iron_pickaxe":1,"minecraft:melon_slice":6,"farmersdelight:cabbage_seeds":69,"minecraft:iron_boots":1,"minecraft:stick":45,"minecraft:torch":21,"minecraft:porkchop":4,"tombstone:grave_dust":5,"minecraft:diorite":2,"gemsnjewels:spinel":1,"supplementaries:flax":13,"farmersdelight:melon_popsicle":1,"farmersdelight:tomato_crate":3,"minecraft:rotten_flesh":9,"farmersdelight:onion":30,"farmersdelight:oak_cabinet":4,"supplementaries:ash":1,"minecraft:netherite_chestplate":1,"farmersdelight:raw_pasta":6,"minecraft:cobblestone":10,"minecraft:birch_log":95,"minecraft:lilac":136,"farmersdelight:rice":3,"biomesoplenty:glowshroom":12,"alexsmobs:bear_fur":4,"minecraft:potato":29,"minecraft:tuff":1,"supplementaries:flax_seeds":45,"supplementaries:flute":2,"minecraft:netherite_leggings":1,"farmersdelight:tomato":83,"minecraft:dirt":256,"minecraft:bone":81,"minecraft:wheat_seeds":66,"gemsnjewels:solid_emerald_pickaxe":1,"minecraft:oak_planks":49,"biomesoplenty:toadstool":2,"gemsnjewels:alexandrite":29,"minecraft:cooked_porkchop":8,"minecraft:axolotl_bucket":1,"minecraft:birch_fence_gate":1,"minecraft:sand":4,"minecraft:melon":2,"sophisticatedbackpacks:iron_backpack":6,"minecraft:ink_sac":12,"minecraft:bundle":1,"twilightforest:twilight_oak_sapling":9,"minecraft:diamond":3,"minecraft:netherite_helmet":1,"artifacts:crystal_heart":1,"supplementaries:bubble_blower":1,"minecraft:crossbow":1,"minecraft:bone_meal":2,"minecraft:jack_o_lantern":2,"minecraft:emerald":4,"biomesoplenty:pink_daffodil":1,"minecraft:oak_sapling":18,"twilightforest:torchberries":1,"minecraft:netherrack":98,"minecraft:oak_leaves":153,"nethersdelight:hoglin_loin":23,"minecraft:cocoa_beans":3,"minecraft:crafting_table":1,"artifacts:night_vision_goggles":1,"minecraft:brown_mushroom":15,"gemsnjewels:alexandrite_helmet":1,"tombstone:rabbit_mask":1,"minecraft:shield":2,"gemsnjewels:ruby_set_gold_ring":1,"minecraft:iron_axe":2,"twilightforest:filled_magic_map":1,"minecraft:item_frame":2,"minecraft:birch_fence":2,"minecraft:beef":7,"biomesoplenty:sprout":4,"minecraft:poppy":1,"farmersdelight:golden_knife":1,"minecraft:phantom_membrane":9,"minecraft:diamond_hoe":1,"minecraft:egg":13,"minecraft:raw_iron":119,"gemsnjewels:ruby":10,"minecraft:fire_charge":2,"farmersdelight:tomato_seeds":50,"minecraft:carrot":105,"minecraft:redstone":9,"minecraft:iron_horse_armor":1,"twilightforest:firefly":5,"minecraft:arrow":35,"minecraft:peony":65,"minecraft:beetroot_seeds":183,"minecraft:golden_hoe":1,"twilightforest:cicada":1,"minecraft:shears":2,"minecraft:mutton":3,"minecraft:white_wool":2,"minecraft:bone_block":37,"minecraft:netherite_boots":1,"minecraft:salmon":6,"minecraft:leather":1,"minecraft:red_mushroom":11,"minecraft:oak_log":63,"farmersdelight:salmon_slice":4,"minecraft:golden_boots":2,"minecraft:gunpowder":6,"minecraft:paper":7,"tombstone:gift":1,"biomesoplenty:glowing_moss_carpet":7,"minecraft:apple":10,"farmersdelight:cooking_pot":1,"biomesoplenty:glowworm_silk":18,"minecraft:iron_sword":1,"minecraft:book":2,"minecraft:pumpkin":5,"gemsnjewels:solid_opal_pickaxe":1,"minecraft:quartz":67,"gemsnjewels:totem_of_reflection":1,"minecraft:blast_furnace":1,"minecraft:white_bed":1,"minecraft:spruce_log":12,"biomesoplenty:glowing_moss_block":15,"minecraft:spruce_door":1,"minecraft:spider_eye":1,"gemsnjewels:opal_set_gold_ring":1,"alexsmobs:raw_catfish":4,"minecraft:pumpkin_seeds":18,"minecraft:diamond_shovel":2,"biomesoplenty:maple_sapling":3,"biomesoplenty:bramble":1,"minecraft:purple_bed":3,"minecraft:iron_helmet":1,"minecraft:gray_wool":15,"minecraft:baked_potato":3,"tombstone:magic_scroll":1,"minecraft:melon_seeds":13,"farmersdelight:stove":2,"minecraft:coal":241,"minecraft:hopper":1,"minecraft:ender_pearl":2,"minecraft:sunflower":20},"minecraft:killed":{"minecraft:cave_spider":5,"minecraft:spider":5,"minecraft:skeleton":20,"minecraft:chicken":1,"minecraft:piglin_brute":3,"minecraft:piglin":9,"minecraft:pig":2,"alexsmobs:grizzly_bear":5,"minecraft:salmon":9,"twilightforest:skeleton_druid":2,"minecraft:sheep":3,"minecraft:zombie":18,"alexsmobs:terrapin":3,"minecraft:glow_squid":1,"minecraft:cow":3,"minecraft:vindicator":1,"minecraft:phantom":16,"twilightforest:naga":1,"twilightforest:death_tome":1,"goblintraders:goblin_trader":1,"minecraft:bat":1,"minecraft:hoglin":16,"minecraft:squid":1,"alexsmobs:catfish":5,"alexsmobs:crow":1,"minecraft:wither_skeleton":16,"minecraft:enderman":2},"minecraft:dropped":{"farmersdelight:iron_knife":1,"minecraft:brown_mushroom":4,"minecraft:oak_log":7,"minecraft:diamond":3,"minecraft:crafting_table":1,"gemsnjewels:alexandrite_helmet":1,"farmersdelight:rice":1,"minecraft:item_frame":2,"minecraft:emerald":1,"minecraft:dirt":66,"minecraft:phantom_membrane":9,"farmersdelight:onion":10,"minecraft:sunflower":8,"minecraft:sand":4,"minecraft:white_wool":2,"biomesoplenty:burning_blossom":1,"biomesoplenty:toadstool":2,"gemsnjewels:alexandrite_chestplate":1,"alexsmobs:animal_dictionary":1,"biomesoplenty:yellow_autumn_sapling":4,"minecraft:beetroot":3,"minecraft:rotten_flesh":7,"minecraft:oak_planks":11,"minecraft:diamond_shovel":1,"tombstone:rabbit_mask":1,"minecraft:salmon":1,"biomesoplenty:glowing_moss_carpet":7,"minecraft:gunpowder":6,"gemsnjewels:alexandrite_leggings":1,"minecraft:melon_seeds":3,"minecraft:beetroot_seeds":50,"farmersdelight:oak_cabinet":4,"minecraft:quartz":3,"minecraft:oak_leaves":42,"farmersdelight:squid_ink_pasta":2,"minecraft:egg":1,"farmersdelight:tomato_seeds":3,"minecraft:bread":5,"minecraft:golden_boots":1,"minecraft:wheat_seeds":7,"minecraft:lilac":1,"biomesoplenty:maple_sapling":3,"minecraft:feather":4,"minecraft:book":2,"minecraft:hopper_minecart":1,"twilightforest:twilight_oak_sapling":9,"minecraft:coal":52,"alexsmobs:raw_catfish":1,"minecraft:stick":68,"biomesoplenty:violet":3,"minecraft:diorite":2,"minecraft:torch":3,"minecraft:cooked_salmon":5,"tombstone:grave_dust":3,"minecraft:iron_axe":1,"minecraft:string":18,"nethersdelight:hoglin_sirloin":3,"minecraft:bowl":1,"farmersdelight:cabbage_seeds":3,"minecraft:chicken":1,"minecraft:shears":3,"alexsmobs:bear_fur":1,"biomesoplenty:sprout":4,"minecraft:potato":6,"minecraft:shield":1,"biomesoplenty:glowworm_silk":12,"minecraft:peony":2,"minecraft:oak_sapling":18,"minecraft:wooden_shovel":1,"minecraft:spider_eye":1,"minecraft:spruce_log":12,"farmersdelight:tomato":11}},"DataVersion":3120}