{"stats":{"minecraft:custom":{"lootr:looted_stat":13,"minecraft:mob_kills":67,"minecraft:animals_bred":3,"minecraft:interact_with_crafting_table":44,"minecraft:leave_game":3,"minecraft:time_since_death":378939,"minecraft:climb_one_cm":284,"minecraft:sprint_one_cm":802010,"minecraft:walk_one_cm":1192560,"minecraft:drop":92,"minecraft:talked_to_villager":11,"minecraft:raid_win":1,"minecraft:play_time":452181,"minecraft:sneak_time":6156,"minecraft:deaths":2,"minecraft:walk_under_water_one_cm":66033,"minecraft:boat_one_cm":33741,"minecraft:jump":3500,"minecraft:interact_with_blast_furnace":11,"minecraft:walk_on_water_one_cm":58481,"minecraft:total_world_time":452181,"minecraft:interact_with_furnace":2,"tombstone:raider_killed":4,"minecraft:pot_flower":1,"minecraft:sleep_in_bed":3,"minecraft:time_since_rest":284719,"minecraft:damage_taken":2816,"minecraft:damage_absorbed":43,"minecraft:damage_dealt":10113,"minecraft:fly_one_cm":275319,"minecraft:open_chest":39,"minecraft:crouch_one_cm":12304,"tombstone:undead_killed":22,"minecraft:interact_with_smoker":1,"minecraft:fall_one_cm":57135},"minecraft:used":{"sophisticatedbackpacks:iron_backpack":1,"biomesoplenty:glowing_moss_block":1,"farmersdelight:cabbage_seeds":17,"minecraft:oak_sign":7,"minecraft:iron_sword":19,"minecraft:wooden_shovel":121,"minecraft:cooked_salmon":9,"minecraft:torch":46,"minecraft:dirt":77,"gemsnjewels:solid_alexandrite_sword":265,"gemsnjewels:solid_emerald_pickaxe":2,"minecraft:tuff":1,"minecraft:iron_axe":259,"farmersdelight:melon_popsicle":1,"gemsnjewels:solid_alexandrite_pickaxe":82,"minecraft:melon_seeds":12,"farmersdelight:wheat_dough":1,"farmersdelight:cutting_board":4,"minecraft:bow":16,"minecraft:sweet_berries":10,"tombstone:gift":3,"minecraft:potato":15,"farmersdelight:tomato_seeds":35,"minecraft:cobbled_deepslate":5,"farmersdelight:squid_ink_pasta":1,"minecraft:wheat_seeds":13,"minecraft:water_bucket":6,"minecraft:spruce_door":1,"minecraft:baked_potato":3,"gemsnjewels:solid_opal_pickaxe":83,"minecraft:oak_planks":93,"minecraft:oak_leaves":95,"minecraft:golden_apple":1,"farmersdelight:onion":3,"minecraft:golden_hoe":41,"minecraft:oak_slab":12,"minecraft:crafting_table":2,"gemsnjewels:solid_alexandrite_axe":228,"farmersdelight:cod_roll":1,"minecraft:crossbow":1,"minecraft:pumpkin_seeds":15,"minecraft:shears":147,"minecraft:oak_log":10,"minecraft:wooden_hoe":102,"minecraft:apple":1,"minecraft:melon_slice":5,"minecraft:sunflower":12,"minecraft:bread":5,"minecraft:iron_pickaxe":15,"minecraft:lilac":94,"minecraft:cobblestone":6,"minecraft:purple_bed":3,"minecraft:cooked_porkchop":8,"minecraft:bucket":9,"quark:oak_chest":1,"minecraft:bone_meal":24},"minecraft:picked_up":{"minecraft:iron_chestplate":1,"minecraft:cocoa_beans":3,"minecraft:crafting_table":1,"minecraft:wheat":34,"artifacts:night_vision_goggles":1,"minecraft:brown_mushroom":15,"biomesoplenty:violet":3,"gemsnjewels:alexandrite_helmet":1,"minecraft:enchanted_book":1,"gemsnjewels:diamond_set_gold_ring":4,"tombstone:rabbit_mask":1,"minecraft:shield":2,"gemsnjewels:ruby_set_gold_ring":1,"farmersdelight:cutting_board":4,"minecraft:string":2,"minecraft:item_frame":2,"minecraft:iron_axe":2,"minecraft:cooked_salmon":20,"minecraft:iron_leggings":1,"twilightforest:filled_magic_map":1,"minecraft:experience_bottle":2,"minecraft:oak_sign":4,"minecraft:beetroot":51,"minecraft:gold_nugget":29,"minecraft:cobbled_deepslate":5,"farmersdelight:cabbage":1,"minecraft:beef":7,"minecraft:written_book":1,"minecraft:poppy":1,"minecraft:wooden_shovel":1,"biomesoplenty:sprout":4,"minecraft:iron_pickaxe":1,"minecraft:melon_slice":6,"farmersdelight:golden_knife":1,"farmersdelight:cabbage_seeds":2,"minecraft:iron_boots":1,"minecraft:stick":33,"minecraft:raw_iron":119,"minecraft:torch":11,"minecraft:fire_charge":2,"minecraft:porkchop":4,"farmersdelight:tomato_seeds":37,"tombstone:grave_dust":2,"minecraft:diorite":2,"gemsnjewels:spinel":1,"minecraft:carrot":48,"minecraft:redstone":9,"minecraft:iron_horse_armor":1,"twilightforest:firefly":5,"minecraft:beetroot_seeds":125,"farmersdelight:melon_popsicle":1,"minecraft:arrow":25,"minecraft:rotten_flesh":7,"farmersdelight:onion":1,"minecraft:peony":65,"minecraft:golden_hoe":1,"twilightforest:cicada":1,"minecraft:shears":1,"farmersdelight:raw_pasta":5,"minecraft:mutton":3,"minecraft:white_wool":2,"minecraft:cobblestone":6,"minecraft:lilac":133,"farmersdelight:rice":3,"minecraft:salmon":6,"minecraft:leather":1,"biomesoplenty:glowshroom":12,"minecraft:red_mushroom":11,"alexsmobs:bear_fur":1,"minecraft:tuff":1,"minecraft:oak_log":48,"supplementaries:flute":2,"farmersdelight:salmon_slice":4,"minecraft:golden_boots":2,"minecraft:gunpowder":1,"farmersdelight:tomato":20,"minecraft:dirt":227,"minecraft:paper":7,"tombstone:gift":1,"biomesoplenty:glowing_moss_carpet":7,"minecraft:bone":18,"minecraft:apple":10,"minecraft:wheat_seeds":45,"biomesoplenty:glowworm_silk":18,"gemsnjewels:solid_emerald_pickaxe":1,"minecraft:iron_sword":1,"minecraft:oak_planks":49,"minecraft:book":2,"biomesoplenty:toadstool":2,"gemsnjewels:alexandrite":29,"minecraft:cooked_porkchop":8,"gemsnjewels:solid_opal_pickaxe":1,"minecraft:axolotl_bucket":1,"minecraft:sand":1,"minecraft:ink_sac":8,"sophisticatedbackpacks:iron_backpack":2,"gemsnjewels:totem_of_reflection":1,"minecraft:white_bed":1,"minecraft:spruce_log":12,"biomesoplenty:glowing_moss_block":15,"minecraft:spruce_door":1,"minecraft:spider_eye":1,"gemsnjewels:opal_set_gold_ring":1,"alexsmobs:raw_catfish":3,"minecraft:pumpkin_seeds":8,"biomesoplenty:maple_sapling":3,"minecraft:purple_bed":3,"twilightforest:twilight_oak_sapling":9,"minecraft:diamond":1,"artifacts:crystal_heart":1,"minecraft:iron_helmet":1,"supplementaries:bubble_blower":1,"minecraft:crossbow":1,"minecraft:bone_meal":2,"minecraft:oak_sapling":5,"minecraft:emerald":4,"tombstone:magic_scroll":1,"minecraft:baked_potato":3,"biomesoplenty:pink_daffodil":1,"minecraft:melon_seeds":9,"minecraft:oak_leaves":151,"twilightforest:torchberries":1,"minecraft:coal":161,"minecraft:hopper":1,"minecraft:sunflower":20},"minecraft:dropped":{"minecraft:golden_boots":1,"minecraft:brown_mushroom":4,"minecraft:wheat_seeds":4,"minecraft:oak_log":7,"minecraft:diamond":1,"minecraft:crafting_table":1,"biomesoplenty:maple_sapling":3,"minecraft:book":2,"minecraft:feather":4,"minecraft:hopper_minecart":1,"twilightforest:twilight_oak_sapling":4,"minecraft:coal":36,"minecraft:item_frame":2,"minecraft:stick":66,"biomesoplenty:violet":3,"minecraft:dirt":53,"minecraft:diorite":2,"minecraft:cooked_salmon":5,"tombstone:grave_dust":3,"minecraft:sunflower":8,"minecraft:sand":1,"minecraft:string":3,"minecraft:white_wool":2,"biomesoplenty:toadstool":2,"alexsmobs:animal_dictionary":1,"farmersdelight:cabbage_seeds":3,"minecraft:chicken":1,"minecraft:rotten_flesh":5,"minecraft:oak_planks":11,"tombstone:rabbit_mask":1,"minecraft:salmon":1,"alexsmobs:bear_fur":1,"biomesoplenty:sprout":4,"biomesoplenty:glowing_moss_carpet":7,"minecraft:shield":1,"minecraft:gunpowder":1,"biomesoplenty:glowworm_silk":12,"minecraft:peony":2,"minecraft:melon_seeds":3,"minecraft:wooden_shovel":1,"minecraft:spider_eye":1,"minecraft:spruce_log":12,"farmersdelight:squid_ink_pasta":2,"minecraft:oak_leaves":28,"farmersdelight:tomato":2},"minecraft:crafted":{"farmersdelight:squid_ink_pasta":3,"minecraft:oak_planks":124,"minecraft:oak_sign":3,"minecraft:bone_meal":24,"minecraft:oak_slab":12,"minecraft:wooden_shovel":2,"minecraft:crafting_table":2,"minecraft:bucket":3,"farmersdelight:wheat_dough":9,"minecraft:wooden_hoe":2,"minecraft:stick":48,"quark:oak_chest":1,"minecraft:iron_ingot":11,"minecraft:torch":44,"minecraft:shears":1},"minecraft:killed_by":{"minecraft:zombie":1,"alexsmobs:grizzly_bear":1},"minecraft:mined":{"biomesoplenty:glowing_moss_block":17,"twilightforest:firefly":2,"minecraft:tuff":1,"biomesoplenty:glowshroom":6,"minecraft:white_bed":1,"minecraft:farmland":1,"farmersdelight:wild_carrots":15,"biomesoplenty:bush":24,"minecraft:grass_block":178,"sophisticatedbackpacks:iron_backpack":1,"farmersdelight:tomatoes":1,"minecraft:spruce_leaves":20,"minecraft:oak_wall_sign":1,"minecraft:tall_seagrass":3,"biomesoplenty:toadstool":1,"farmersdelight:wild_rice":3,"minecraft:iron_ore":30,"biomesoplenty:violet":1,"minecraft:andesite":5,"minecraft:peony":95,"biomesoplenty:glowshroom_block":18,"minecraft:dirt_path":16,"minecraft:oak_sign":3,"biomesoplenty:webbing":2,"minecraft:stone":20,"minecraft:brown_mushroom":1,"biomesoplenty:glowing_moss_carpet":4,"biomesoplenty:glowworm_silk":13,"quark:lavender_blossom_leaves":8,"minecraft:crafting_table":1,"minecraft:poppy":1,"minecraft:mushroom_stem":7,"minecraft:spruce_wall_sign":1,"minecraft:tall_grass":8,"biomesoplenty:sprout":13,"farmersdelight:wild_tomatoes":9,"minecraft:oak_planks":29,"minecraft:wall_torch":3,"minecraft:diorite":5,"minecraft:seagrass":1,"minecraft:purple_bed":4,"biomesoplenty:glowworm_silk_strand":4,"farmersdelight:cutting_board":4,"minecraft:lilac":128,"minecraft:spruce_log":12,"biomesoplenty:maple_leaves":4,"minecraft:grass":65,"minecraft:oak_log":51,"minecraft:coal_ore":70,"minecraft:sand":1,"minecraft:sunflower":16,"minecraft:gravel":3,"minecraft:dirt":27,"biomesoplenty:reed":3,"minecraft:oak_leaves":182,"minecraft:deepslate":5,"minecraft:fern":24},"minecraft:broken":{"minecraft:golden_hoe":1,"minecraft:wooden_shovel":2,"minecraft:wooden_hoe":1},"minecraft:killed":{"minecraft:cave_spider":3,"minecraft:spider":4,"minecraft:vindicator":1,"minecraft:phantom":3,"minecraft:skeleton":10,"twilightforest:naga":1,"minecraft:chicken":1,"twilightforest:death_tome":1,"minecraft:pig":2,"alexsmobs:grizzly_bear":2,"minecraft:salmon":9,"minecraft:bat":1,"minecraft:squid":1,"twilightforest:skeleton_druid":2,"minecraft:sheep":2,"alexsmobs:catfish":3,"minecraft:zombie":7,"alexsmobs:terrapin":2,"minecraft:glow_squid":1,"minecraft:cow":3}},"DataVersion":3120}