{"stats":{"minecraft:custom":{"lootr:looted_stat":2,"minecraft:mob_kills":5,"minecraft:interact_with_crafting_table":3,"minecraft:leave_game":1,"minecraft:time_since_death":40368,"minecraft:sleep_in_bed":2,"minecraft:climb_one_cm":194,"minecraft:time_since_rest":21680,"minecraft:sprint_one_cm":109828,"minecraft:damage_taken":764,"minecraft:walk_one_cm":127360,"minecraft:drop":3,"minecraft:damage_dealt":1443,"minecraft:fly_one_cm":44409,"minecraft:crouch_one_cm":2612,"minecraft:play_time":113610,"tombstone:undead_killed":1,"minecraft:deaths":2,"minecraft:sneak_time":1724,"minecraft:walk_under_water_one_cm":13092,"minecraft:jump":735,"minecraft:walk_on_water_one_cm":23963,"minecraft:total_world_time":113610,"minecraft:fall_one_cm":16565},"minecraft:killed_by":{"minecraft:zombie":1,"alexsmobs:grizzly_bear":1},"minecraft:picked_up":{"minecraft:iron_chestplate":1,"minecraft:crafting_table":1,"minecraft:lilac":7,"artifacts:night_vision_goggles":1,"farmersdelight:rice":3,"minecraft:brown_mushroom":1,"biomesoplenty:glowshroom":12,"alexsmobs:bear_fur":1,"biomesoplenty:violet":1,"gemsnjewels:diamond_set_gold_ring":1,"minecraft:tuff":1,"supplementaries:flute":1,"gemsnjewels:ruby_set_gold_ring":1,"minecraft:gunpowder":1,"minecraft:dirt":7,"biomesoplenty:glowing_moss_carpet":7,"minecraft:iron_axe":1,"minecraft:cooked_salmon":20,"minecraft:iron_leggings":1,"minecraft:wheat_seeds":8,"biomesoplenty:glowworm_silk":6,"minecraft:cobbled_deepslate":5,"gemsnjewels:solid_emerald_pickaxe":1,"minecraft:iron_pickaxe":1,"minecraft:iron_sword":1,"minecraft:iron_boots":1,"minecraft:raw_iron":13,"gemsnjewels:solid_opal_pickaxe":1,"sophisticatedbackpacks:iron_backpack":1,"minecraft:spruce_log":1,"biomesoplenty:glowing_moss_block":14,"minecraft:spider_eye":1,"gemsnjewels:opal_set_gold_ring":1,"minecraft:purple_bed":2,"minecraft:iron_helmet":1,"supplementaries:bubble_blower":1,"minecraft:coal":100,"minecraft:cobblestone":6,"minecraft:sunflower":3},"minecraft:killed":{"alexsmobs:grizzly_bear":1,"minecraft:spider":1,"alexsmobs:catfish":2,"minecraft:zombie":1,"minecraft:glow_squid":1},"minecraft:mined":{"biomesoplenty:glowing_moss_block":16,"minecraft:tuff":1,"biomesoplenty:glowshroom":6,"minecraft:brown_mushroom":1,"biomesoplenty:glowing_moss_carpet":4,"biomesoplenty:glowworm_silk":13,"quark:lavender_blossom_leaves":8,"minecraft:crafting_table":1,"minecraft:grass_block":2,"minecraft:mushroom_stem":7,"minecraft:spruce_wall_sign":1,"minecraft:purple_bed":3,"biomesoplenty:glowworm_silk_strand":4,"farmersdelight:wild_rice":3,"minecraft:iron_ore":5,"minecraft:lilac":8,"minecraft:spruce_log":1,"biomesoplenty:violet":1,"minecraft:andesite":4,"minecraft:grass":2,"biomesoplenty:glowshroom_block":18,"minecraft:coal_ore":50,"minecraft:sunflower":3,"minecraft:dirt":5,"minecraft:stone":6,"minecraft:deepslate":5,"minecraft:fern":3},"minecraft:used":{"gemsnjewels:solid_opal_pickaxe":83,"minecraft:iron_sword":19,"minecraft:cooked_salmon":4,"gemsnjewels:solid_emerald_pickaxe":2,"minecraft:tuff":1,"minecraft:sunflower":1,"minecraft:iron_axe":15,"minecraft:iron_pickaxe":15,"minecraft:cobblestone":6,"minecraft:purple_bed":2,"tombstone:gift":2,"minecraft:cobbled_deepslate":5},"minecraft:dropped":{"minecraft:hopper_minecart":1,"biomesoplenty:glowing_moss_carpet":7,"tombstone:grave_dust":1}},"DataVersion":3120}