{"stats":{"minecraft:picked_up":{"minecraft:iron_chestplate":1,"minecraft:crafting_table":1,"gemsnjewels:solid_opal_pickaxe":1,"biomesoplenty:glowshroom":12,"minecraft:tuff":1,"gemsnjewels:diamond_set_gold_ring":1,"sophisticatedbackpacks:iron_backpack":1,"gemsnjewels:ruby_set_gold_ring":1,"biomesoplenty:glowing_moss_block":14,"minecraft:iron_axe":1,"biomesoplenty:glowing_moss_carpet":7,"gemsnjewels:opal_set_gold_ring":1,"minecraft:iron_leggings":1,"minecraft:cobbled_deepslate":5,"biomesoplenty:glowworm_silk":6,"minecraft:iron_helmet":1,"minecraft:iron_pickaxe":1,"gemsnjewels:solid_emerald_pickaxe":1,"minecraft:iron_sword":1,"minecraft:iron_boots":1},"minecraft:used":{"gemsnjewels:solid_opal_pickaxe":32,"gemsnjewels:solid_emerald_pickaxe":2},"minecraft:custom":{"minecraft:time_since_rest":17485,"minecraft:sprint_one_cm":12972,"minecraft:damage_taken":34,"minecraft:walk_one_cm":29288,"minecraft:mob_kills":3,"minecraft:damage_dealt":454,"minecraft:interact_with_crafting_table":3,"minecraft:fly_one_cm":10719,"minecraft:crouch_one_cm":1238,"minecraft:play_time":17485,"minecraft:sneak_time":459,"minecraft:walk_under_water_one_cm":12248,"minecraft:jump":196,"minecraft:walk_on_water_one_cm":14233,"minecraft:time_since_death":17485,"minecraft:total_world_time":17485,"minecraft:fall_one_cm":4052},"minecraft:killed":{"alexsmobs:catfish":2,"minecraft:glow_squid":1},"minecraft:mined":{"biomesoplenty:glowing_moss_block":16,"minecraft:tuff":1,"biomesoplenty:glowshroom":6,"biomesoplenty:glowworm_silk_strand":4,"biomesoplenty:glowing_moss_carpet":4,"biomesoplenty:glowworm_silk":13,"minecraft:crafting_table":1,"biomesoplenty:glowshroom_block":18,"minecraft:mushroom_stem":7,"minecraft:deepslate":5}},"DataVersion":3120}