{"stats":{"minecraft:custom":{"lootr:looted_stat":2,"minecraft:mob_kills":8,"minecraft:interact_with_crafting_table":5,"minecraft:leave_game":1,"minecraft:time_since_death":70368,"minecraft:sleep_in_bed":2,"minecraft:climb_one_cm":194,"minecraft:time_since_rest":51680,"minecraft:sprint_one_cm":155795,"minecraft:damage_taken":990,"minecraft:walk_one_cm":177006,"minecraft:drop":14,"minecraft:damage_dealt":1951,"minecraft:fly_one_cm":53257,"minecraft:crouch_one_cm":4045,"minecraft:play_time":143610,"tombstone:undead_killed":2,"minecraft:deaths":2,"minecraft:sneak_time":2066,"minecraft:walk_under_water_one_cm":15165,"minecraft:jump":848,"minecraft:walk_on_water_one_cm":26338,"minecraft:total_world_time":143610,"minecraft:fall_one_cm":17670},"minecraft:killed_by":{"minecraft:zombie":1,"alexsmobs:grizzly_bear":1},"minecraft:picked_up":{"minecraft:iron_chestplate":1,"minecraft:crafting_table":1,"minecraft:lilac":7,"artifacts:night_vision_goggles":1,"farmersdelight:rice":3,"minecraft:brown_mushroom":2,"biomesoplenty:glowshroom":12,"alexsmobs:bear_fur":1,"biomesoplenty:violet":1,"gemsnjewels:diamond_set_gold_ring":1,"minecraft:tuff":1,"minecraft:oak_log":12,"supplementaries:flute":1,"gemsnjewels:ruby_set_gold_ring":1,"minecraft:gunpowder":1,"minecraft:dirt":22,"biomesoplenty:glowing_moss_carpet":7,"minecraft:iron_axe":1,"minecraft:cooked_salmon":20,"minecraft:iron_leggings":1,"minecraft:wheat_seeds":13,"biomesoplenty:glowworm_silk":6,"minecraft:cobbled_deepslate":5,"gemsnjewels:solid_emerald_pickaxe":1,"minecraft:iron_pickaxe":1,"minecraft:oak_planks":15,"minecraft:iron_sword":1,"minecraft:iron_boots":1,"biomesoplenty:toadstool":1,"minecraft:raw_iron":13,"gemsnjewels:solid_opal_pickaxe":1,"minecraft:sand":1,"sophisticatedbackpacks:iron_backpack":1,"minecraft:spruce_log":1,"biomesoplenty:glowing_moss_block":14,"minecraft:spruce_door":1,"minecraft:spider_eye":1,"gemsnjewels:opal_set_gold_ring":1,"minecraft:purple_bed":2,"minecraft:rotten_flesh":1,"minecraft:iron_helmet":1,"supplementaries:bubble_blower":1,"minecraft:mutton":3,"minecraft:coal":100,"minecraft:white_wool":2,"minecraft:cobblestone":6,"minecraft:sunflower":3},"minecraft:killed":{"alexsmobs:grizzly_bear":1,"minecraft:spider":2,"minecraft:sheep":2,"alexsmobs:catfish":2,"minecraft:zombie":2,"minecraft:glow_squid":1},"minecraft:mined":{"biomesoplenty:glowing_moss_block":16,"minecraft:tuff":1,"biomesoplenty:glowshroom":6,"minecraft:brown_mushroom":1,"biomesoplenty:glowing_moss_carpet":4,"biomesoplenty:glowworm_silk":13,"quark:lavender_blossom_leaves":8,"minecraft:crafting_table":1,"minecraft:grass_block":11,"minecraft:mushroom_stem":7,"minecraft:spruce_wall_sign":1,"biomesoplenty:sprout":1,"minecraft:oak_planks":6,"minecraft:purple_bed":3,"biomesoplenty:toadstool":1,"biomesoplenty:glowworm_silk_strand":4,"farmersdelight:wild_rice":3,"minecraft:iron_ore":5,"minecraft:lilac":8,"minecraft:spruce_log":1,"biomesoplenty:violet":1,"minecraft:andesite":4,"minecraft:grass":6,"minecraft:oak_log":12,"biomesoplenty:glowshroom_block":18,"minecraft:coal_ore":50,"minecraft:gravel":3,"minecraft:sunflower":3,"minecraft:sand":1,"minecraft:dirt":14,"minecraft:stone":6,"minecraft:deepslate":5,"minecraft:fern":3},"minecraft:used":{"minecraft:spruce_door":1,"gemsnjewels:solid_opal_pickaxe":83,"minecraft:oak_planks":49,"minecraft:iron_sword":19,"minecraft:cooked_salmon":7,"gemsnjewels:solid_emerald_pickaxe":2,"minecraft:tuff":1,"minecraft:sunflower":1,"minecraft:iron_axe":55,"minecraft:iron_pickaxe":15,"minecraft:cobblestone":6,"minecraft:purple_bed":2,"tombstone:gift":2,"minecraft:cobbled_deepslate":5},"minecraft:crafted":{"minecraft:oak_planks":48},"minecraft:dropped":{"minecraft:brown_mushroom":2,"minecraft:rotten_flesh":1,"minecraft:hopper_minecart":1,"biomesoplenty:glowing_moss_carpet":7,"biomesoplenty:violet":1,"minecraft:gunpowder":1,"minecraft:cooked_salmon":5,"tombstone:grave_dust":1,"minecraft:sand":1}},"DataVersion":3120}