{"stats":{"minecraft:picked_up":{"biomesoplenty:glowing_moss_carpet":7,"biomesoplenty:glowshroom":9,"biomesoplenty:glowworm_silk":6,"gemsnjewels:diamond_set_gold_ring":1,"minecraft:tuff":1,"biomesoplenty:glowing_moss_block":14},"minecraft:custom":{"minecraft:time_since_rest":5485,"minecraft:play_time":5485,"minecraft:sprint_one_cm":7319,"minecraft:damage_taken":20,"minecraft:walk_one_cm":10309,"minecraft:sneak_time":10,"minecraft:walk_under_water_one_cm":997,"minecraft:mob_kills":1,"minecraft:jump":78,"minecraft:damage_dealt":107,"minecraft:time_since_death":5485,"minecraft:walk_on_water_one_cm":2293,"minecraft:total_world_time":5485,"minecraft:interact_with_crafting_table":3,"minecraft:fall_one_cm":1451,"minecraft:fly_one_cm":6003},"minecraft:killed":{"alexsmobs:catfish":1},"minecraft:mined":{"biomesoplenty:glowing_moss_block":16,"biomesoplenty:glowshroom_block":10,"biomesoplenty:glowshroom":6,"biomesoplenty:glowworm_silk_strand":4,"minecraft:mushroom_stem":3,"biomesoplenty:glowing_moss_carpet":4,"biomesoplenty:glowworm_silk":11}},"DataVersion":3120}