{
  "betterdungeons:root": {
    "criteria": {
      "always": "2024-09-18 20:22:27 +0000"
    },
    "done": true
  },
  "lootr:root": {
    "criteria": {
      "always_true": "2024-09-18 20:22:27 +0000"
    },
    "done": true
  },
  "minecraft:adventure/kill_a_mob": {
    "criteria": {
      "minecraft:zombie": "2024-09-18 20:32:38 +0000"
    },
    "done": true
  },
  "minecraft:nether/obtain_crying_obsidian": {
    "criteria": {
      "crying_obsidian": "2024-09-21 23:00:51 +0000"
    },
    "done": true
  },
  "alexsmobs:alexsmobs/straddler": {
    "criteria": {
      "killed_by": "2024-09-21 22:17:46 +0000"
    },
    "done": true
  },
  "alexsmobs:alexsmobs/seagull_steal": {
    "criteria": {
      "ex": "2024-09-18 20:44:10 +0000"
    },
    "done": true
  },
  "minecraft:story/obtain_armor": {
    "criteria": {
      "iron_chestplate": "2024-09-18 20:56:00 +0000"
    },
    "done": true
  },
  "tombstone:adventure/ashes_and_bones": {
    "criteria": {
      "coded_trigger": "2024-09-18 20:59:39 +0000"
    },
    "done": true
  },
  "tombstone:recipes/from_grave_dust": {
    "criteria": {
      "has_ingredient": "2024-09-18 20:59:53 +0000"
    },
    "done": true
  },
  "minecraft:nether/obtain_blaze_rod": {
    "criteria": {
      "blaze_rod": "2024-09-21 22:26:56 +0000"
    },
    "done": true
  },
  "minecraft:story/mine_stone": {
    "criteria": {
      "get_stone": "2024-09-18 20:27:59 +0000"
    },
    "done": true
  },
  "biomesoplenty:biomesoplenty/all_biomes": {
    "criteria": {
      "shrubland": "2024-09-20 23:56:12 +0000",
      "erupting_inferno": "2024-09-21 22:21:53 +0000",
      "marsh": "2024-09-20 23:50:53 +0000",
      "wetland": "2024-09-18 20:36:16 +0000",
      "clover_patch": "2024-09-20 23:50:56 +0000",
      "maple_woods": "2024-09-18 21:02:41 +0000",
      "crystalline_chasm": "2024-09-21 22:26:21 +0000",
      "withered_abyss": "2024-09-21 22:11:22 +0000",
      "field": "2024-09-20 23:57:47 +0000",
      "coniferous_forest": "2024-09-18 20:39:23 +0000",
      "spider_nest": "2024-09-21 21:31:53 +0000",
      "cherry_blossom_grove": "2024-09-20 23:52:46 +0000",
      "visceral_heap": "2024-09-21 22:17:18 +0000",
      "pumpkin_patch": "2024-09-21 22:34:55 +0000",
      "grassland": "2024-09-20 23:53:25 +0000",
      "glowing_grotto": "2024-09-18 21:09:39 +0000",
      "undergrowth": "2024-09-21 22:11:43 +0000"
    },
    "done": false
  },
  "minecraft:nether/root": {
    "criteria": {
      "entered_nether": "2024-09-21 22:10:11 +0000"
    },
    "done": true
  },
  "alexsmobs:alexsmobs/grizzly_bear": {
    "criteria": {
      "killed_by": "2024-09-21 00:03:53 +0000"
    },
    "done": true
  },
  "tombstone:adventure/create_magic_scroll": {
    "criteria": {
      "has_magic_scroll": "2024-09-21 22:03:17 +0000"
    },
    "done": true
  },
  "minecraft:adventure/adventuring_time": {
    "criteria": {
      "minecraft:taiga": "2024-09-18 21:02:35 +0000",
      "minecraft:beach": "2024-09-18 20:29:31 +0000",
      "minecraft:river": "2024-09-18 20:44:31 +0000",
      "minecraft:dripstone_caves": "2024-09-21 21:32:58 +0000",
      "minecraft:swamp": "2024-09-18 20:22:28 +0000",
      "minecraft:forest": "2024-09-18 20:44:25 +0000",
      "minecraft:lush_caves": "2024-09-21 21:33:56 +0000",
      "minecraft:windswept_forest": "2024-09-20 23:52:29 +0000"
    },
    "done": false
  },
  "tombstone:adventure/strong_or_careful": {
    "criteria": {
      "coded_trigger": "2024-09-20 23:54:03 +0000"
    },
    "done": true
  },
  "minecraft:adventure/sleep_in_bed": {
    "criteria": {
      "slept_in_bed": "2024-09-21 00:05:30 +0000"
    },
    "done": true
  },
  "minecraft:adventure/hero_of_the_village": {
    "criteria": {
      "hero_of_the_village": "2024-09-22 04:32:40 +0000"
    },
    "done": true
  },
  "minecraft:nether/find_fortress": {
    "criteria": {
      "in_better_fortress": "2024-09-21 22:26:38 +0000"
    },
    "done": true
  },
  "minecraft:story/lava_bucket": {
    "criteria": {
      "lava_bucket": "2024-09-21 00:17:44 +0000"
    },
    "done": true
  },
  "minecraft:husbandry/root": {
    "criteria": {
      "consumed_item": "2024-09-18 20:31:21 +0000"
    },
    "done": true
  },
  "minecraft:story/shiny_gear": {
    "criteria": {
      "diamond_chestplate": "2024-09-21 23:00:42 +0000"
    },
    "done": true
  },
  "minecraft:nether/obtain_ancient_debris": {
    "criteria": {
      "ancient_debris": "2024-09-21 22:56:22 +0000"
    },
    "done": true
  },
  "lootr:10loot": {
    "criteria": {
      "loot_stat": "2024-09-20 23:26:00 +0000"
    },
    "done": true
  },
  "minecraft:nether/loot_bastion": {
    "criteria": {
      "loot_bastion_other": "2024-09-21 22:53:39 +0000"
    },
    "done": true
  },
  "dungeons_arise:find_fishing_hut": {
    "criteria": {
      "location0": "2024-09-18 20:32:31 +0000"
    },
    "done": true
  },
  "minecraft:adventure/root": {
    "criteria": {
      "killed_something": "2024-09-18 20:32:38 +0000"
    },
    "done": true
  },
  "minecraft:nether/find_bastion": {
    "criteria": {
      "bastion": "2024-09-21 22:51:56 +0000"
    },
    "done": true
  },
  "tombstone:adventure/cancel_ghostly_shape": {
    "criteria": {
      "coded_trigger": "2024-09-18 21:04:31 +0000"
    },
    "done": true
  },
  "lootr:1chest": {
    "criteria": {
      "opened_chest": "2024-09-18 20:40:57 +0000"
    },
    "done": true
  },
  "minecraft:husbandry/axolotl_in_a_bucket": {
    "criteria": {
      "axolotl_bucket": "2024-09-21 21:46:47 +0000"
    },
    "done": true
  },
  "minecraft:story/deflect_arrow": {
    "criteria": {
      "deflected_projectile": "2024-09-18 21:03:26 +0000"
    },
    "done": true
  },
  "minecraft:adventure/shoot_arrow": {
    "criteria": {
      "shot_arrow": "2024-09-21 22:19:42 +0000"
    },
    "done": true
  },
  "lootr:social": {
    "criteria": {
      "opened_barrel": "2024-09-18 20:32:42 +0000",
      "opened_chest": "2024-09-18 20:40:57 +0000"
    },
    "done": false
  },
  "betterdungeons:all_dungeons": {
    "criteria": {
      "in_better_monster_room": "2024-09-21 22:02:27 +0000"
    },
    "done": false
  },
  "farmersdelight:main/root": {
    "criteria": {
      "seeds": "2024-09-18 20:22:27 +0000"
    },
    "done": true
  },
  "farmersdelight:main/get_fd_seed": {
    "criteria": {
      "cabbage_seeds": "2024-09-18 20:46:42 +0000"
    },
    "done": true
  },
  "tombstone:adventure/village_defender": {
    "criteria": {
      "coded_trigger": "2024-09-22 04:30:27 +0000"
    },
    "done": true
  },
  "tombstone:adventure/root": {
    "criteria": {
      "auto": "2024-09-18 20:22:28 +0000"
    },
    "done": true
  },
  "tombstone:adventure/bone_crusher": {
    "criteria": {
      "coded_trigger": "2024-09-20 23:38:59 +0000"
    },
    "done": true
  },
  "cataclysm:root": {
    "criteria": {
      "custom_test_name": "2024-09-18 20:22:27 +0000"
    },
    "done": true
  },
  "minecraft:adventure/kill_all_mobs": {
    "criteria": {
      "minecraft:blaze": "2024-09-21 22:26:55 +0000",
      "minecraft:pillager": "2024-09-22 04:22:38 +0000",
      "minecraft:skeleton": "2024-09-18 21:03:43 +0000",
      "minecraft:ravager": "2024-09-22 04:25:17 +0000",
      "minecraft:vindicator": "2024-09-22 04:24:00 +0000",
      "minecraft:magma_cube": "2024-09-21 22:59:55 +0000",
      "minecraft:spider": "2024-09-18 20:48:48 +0000",
      "minecraft:piglin_brute": "2024-09-21 22:52:33 +0000",
      "minecraft:creeper": "2024-09-18 22:00:51 +0000",
      "minecraft:evoker": "2024-09-22 04:27:28 +0000",
      "minecraft:witch": "2024-09-18 22:04:26 +0000",
      "minecraft:wither_skeleton": "2024-09-21 22:27:43 +0000",
      "minecraft:piglin": "2024-09-21 22:10:46 +0000",
      "minecraft:enderman": "2024-09-21 22:41:50 +0000",
      "minecraft:zombie": "2024-09-18 20:32:38 +0000",
      "quark:foxhound": "2024-09-21 22:17:53 +0000"
    },
    "done": false
  },
  "minecraft:story/enter_the_nether": {
    "criteria": {
      "entered_nether": "2024-09-21 22:10:11 +0000"
    },
    "done": true
  },
  "tombstone:adventure/find_grave_dust": {
    "criteria": {
      "from_undead": "2024-09-18 20:59:39 +0000"
    },
    "done": true
  },
  "dungeons_arise:wda_root": {
    "criteria": {
      "WDA": "2024-09-18 20:22:27 +0000"
    },
    "done": true
  },
  "minecraft:story/enchant_item": {
    "criteria": {
      "enchanted_item": "2024-09-21 21:56:26 +0000"
    },
    "done": true
  },
  "minecraft:husbandry/balanced_diet": {
    "criteria": {
      "cooked_porkchop": "2024-09-20 23:58:17 +0000",
      "cooked_beef": "2024-09-20 23:27:01 +0000",
      "porkchop": "2024-09-20 23:52:43 +0000",
      "apple": "2024-09-18 20:31:21 +0000",
      "cooked_cod": "2024-09-18 21:07:00 +0000",
      "bread": "2024-09-21 00:04:26 +0000",
      "rotten_flesh": "2024-09-18 20:33:17 +0000",
      "beetroot": "2024-09-18 20:39:59 +0000",
      "cooked_chicken": "2024-09-22 04:54:45 +0000",
      "rabbit_stew": "2024-09-21 21:20:51 +0000",
      "cooked_salmon": "2024-09-18 20:36:11 +0000",
      "carrot": "2024-09-21 23:03:28 +0000"
    },
    "done": false
  },
  "farmersdelight:main/craft_knife": {
    "criteria": {
      "golden_knife": "2024-09-20 23:59:07 +0000"
    },
    "done": true
  },
  "minecraft:adventure/trade": {
    "criteria": {
      "traded": "2024-09-21 01:15:47 +0000"
    },
    "done": true
  },
  "tombstone:recipes/from_grave_key": {
    "criteria": {
      "has_ingredient": "2024-09-18 21:04:20 +0000"
    },
    "done": true
  },
  "quark:overlevel_enchant": {
    "criteria": {
      "overlevel_enchant": "2024-09-21 23:06:20 +0000"
    },
    "done": true
  },
  "minecraft:nether/explore_nether": {
    "criteria": {
      "minecraft:crimson_forest": "2024-09-21 22:11:39 +0000",
      "minecraft:nether_wastes": "2024-09-21 22:10:12 +0000",
      "minecraft:soul_sand_valley": "2024-09-21 22:26:12 +0000",
      "minecraft:basalt_deltas": "2024-09-21 22:25:15 +0000",
      "minecraft:warped_forest": "2024-09-21 22:10:18 +0000"
    },
    "done": true
  },
  "biomesoplenty:biomesoplenty/root": {
    "criteria": {
      "wetland": "2024-09-18 20:36:16 +0000"
    },
    "done": true
  },
  "minecraft:adventure/voluntary_exile": {
    "criteria": {
      "voluntary_exile": "2024-09-22 04:22:38 +0000"
    },
    "done": true
  },
  "betterdeserttemples:root": {
    "criteria": {
      "always": "2024-09-18 20:22:27 +0000"
    },
    "done": true
  },
  "minecraft:story/iron_tools": {
    "criteria": {
      "iron_pickaxe": "2024-09-18 21:08:29 +0000"
    },
    "done": true
  },
  "lootr:25loot": {
    "criteria": {
      "loot_stat": "2024-09-21 21:46:32 +0000"
    },
    "done": true
  },
  "tombstone:adventure/first_knowledge": {
    "criteria": {
      "coded_trigger": "2024-09-18 20:59:39 +0000"
    },
    "done": true
  },
  "minecraft:story/mine_diamond": {
    "criteria": {
      "diamond": "2024-09-18 21:14:57 +0000"
    },
    "done": true
  },
  "minecraft:story/upgrade_tools": {
    "criteria": {
      "stone_pickaxe": "2024-09-18 20:28:19 +0000"
    },
    "done": true
  },
  "minecraft:story/root": {
    "criteria": {
      "crafting_table": "2024-09-18 20:27:30 +0000"
    },
    "done": true
  },
  "tombstone:adventure/first_grave": {
    "criteria": {
      "coded_trigger": "2024-09-18 21:04:18 +0000"
    },
    "done": true
  },
  "tombstone:adventure/fortuitous_militia": {
    "criteria": {
      "coded_trigger": "2024-09-22 04:24:22 +0000"
    },
    "done": true
  },
  "farmersdelight:main/eat_comfort_food": {
    "criteria": {
      "comfort": "2024-09-21 21:20:51 +0000"
    },
    "done": true
  },
  "supplementaries:adventure/way_sign": {
    "criteria": {
      "bastion": "2024-09-18 20:40:34 +0000"
    },
    "done": true
  },
  "minecraft:story/smelt_iron": {
    "criteria": {
      "iron": "2024-09-18 20:55:31 +0000"
    },
    "done": true
  },
  "betterdungeons:small_dungeon": {
    "criteria": {
      "in_better_monster_room": "2024-09-21 22:02:27 +0000"
    },
    "done": true
  },
  "alexsmobs:alexsmobs/crimson_mosquito": {
    "criteria": {
      "killed_by": "2024-09-21 22:10:39 +0000"
    },
    "done": true
  },
  "artifacts:amateur_archaeologist": {
    "criteria": {
      "find_artifact": "2024-09-20 23:23:28 +0000"
    },
    "done": true
  },
  "lootr:1barrel": {
    "criteria": {
      "opened_barrel": "2024-09-18 20:32:42 +0000"
    },
    "done": true
  },
  "minecraft:story/form_obsidian": {
    "criteria": {
      "obsidian": "2024-09-18 20:41:00 +0000"
    },
    "done": true
  },
  "artifacts:chest_slayer": {
    "criteria": {
      "kill_mimic": "2024-09-20 23:45:57 +0000"
    },
    "done": true
  },
  "tombstone:adventure/ambush": {
    "criteria": {
      "coded_trigger": "2024-09-18 22:04:26 +0000"
    },
    "done": true
  },
  "DataVersion": 3120
}