{
  "betterdungeons:root": {
    "criteria": {
      "always": "2024-09-18 21:33:08 +0000"
    },
    "done": true
  },
  "farmersdelight:main/master_chef": {
    "criteria": {
      "squid_ink_pasta": "2024-09-23 23:27:33 +0000"
    },
    "done": false
  },
  "farmersdelight:main/plant_all_crops": {
    "criteria": {
      "cabbage": "2024-09-22 04:00:12 +0000",
      "onion": "2024-09-23 23:09:16 +0000",
      "sweet_berries": "2024-09-22 04:28:22 +0000",
      "tomato": "2024-09-22 03:55:25 +0000",
      "rice": "2024-09-24 01:25:22 +0000",
      "beetroot": "2024-09-24 00:45:09 +0000",
      "potato": "2024-09-24 00:44:26 +0000",
      "wheat": "2024-09-22 04:01:55 +0000",
      "melon": "2024-09-22 04:00:27 +0000",
      "pumpkin": "2024-09-22 04:01:39 +0000",
      "carrot": "2024-09-24 00:45:51 +0000"
    },
    "done": false
  },
  "lootr:root": {
    "criteria": {
      "always_true": "2024-09-18 21:33:08 +0000"
    },
    "done": true
  },
  "minecraft:adventure/kill_a_mob": {
    "criteria": {
      "minecraft:spider": "2024-09-18 22:00:27 +0000"
    },
    "done": true
  },
  "minecraft:husbandry/bred_all_animals": {
    "criteria": {
      "minecraft:cow": "2024-09-21 01:23:32 +0000",
      "minecraft:chicken": "2024-09-24 01:16:17 +0000",
      "minecraft:wolf": "2024-09-21 01:11:33 +0000"
    },
    "done": false
  },
  "farmersdelight:main/use_cutting_board": {
    "criteria": {
      "cutting_board": "2024-09-23 23:19:59 +0000"
    },
    "done": true
  },
  "minecraft:story/obtain_armor": {
    "criteria": {
      "iron_boots": "2024-09-18 21:38:24 +0000"
    },
    "done": true
  },
  "tombstone:adventure/ashes_and_bones": {
    "criteria": {
      "coded_trigger": "2024-09-22 04:33:42 +0000"
    },
    "done": true
  },
  "tombstone:recipes/from_grave_dust": {
    "criteria": {
      "has_ingredient": "2024-09-21 00:05:32 +0000"
    },
    "done": true
  },
  "minecraft:adventure/ol_betsy": {
    "criteria": {
      "shot_crossbow": "2024-09-22 04:15:55 +0000"
    },
    "done": true
  },
  "biomesoplenty:biomesoplenty/all_biomes": {
    "criteria": {
      "shrubland": "2024-09-21 01:05:11 +0000",
      "highland": "2024-09-24 21:19:24 +0000",
      "wetland": "2024-09-18 21:35:25 +0000",
      "maple_woods": "2024-09-18 21:34:43 +0000",
      "field": "2024-09-21 00:20:28 +0000",
      "orchard": "2024-09-24 21:18:26 +0000",
      "coniferous_forest": "2024-09-21 01:03:31 +0000",
      "spider_nest": "2024-09-22 04:19:12 +0000",
      "redwood_forest": "2024-09-24 21:18:24 +0000",
      "seasonal_orchard": "2024-09-22 03:37:41 +0000",
      "seasonal_forest": "2024-09-21 01:01:42 +0000",
      "lavender_field": "2024-09-24 00:53:29 +0000",
      "pumpkin_patch": "2024-09-21 00:04:46 +0000",
      "glowing_grotto": "2024-09-18 21:33:44 +0000",
      "undergrowth": "2024-09-24 02:00:44 +0000"
    },
    "done": false
  },
  "minecraft:story/mine_stone": {
    "criteria": {
      "get_stone": "2024-09-18 21:39:12 +0000"
    },
    "done": true
  },
  "twilightforest:progress_naga": {
    "criteria": {
      "was_in_fight": "2024-09-22 05:24:14 +0000"
    },
    "done": true
  },
  "minecraft:nether/root": {
    "criteria": {
      "entered_nether": "2024-09-24 02:00:43 +0000"
    },
    "done": true
  },
  "cataclysm:find_soul_black_smith": {
    "criteria": {
      "blacksmith": "2024-09-24 02:00:44 +0000"
    },
    "done": true
  },
  "alexsmobs:alexsmobs/grizzly_bear": {
    "criteria": {
      "killed_by": "2024-09-21 00:03:57 +0000"
    },
    "done": true
  },
  "minecraft:adventure/adventuring_time": {
    "criteria": {
      "minecraft:taiga": "2024-09-21 00:01:45 +0000",
      "minecraft:river": "2024-09-20 23:36:02 +0000",
      "minecraft:swamp": "2024-09-18 21:33:09 +0000",
      "minecraft:forest": "2024-09-23 23:44:29 +0000",
      "minecraft:plains": "2024-09-23 23:42:13 +0000"
    },
    "done": false
  },
  "minecraft:adventure/sleep_in_bed": {
    "criteria": {
      "slept_in_bed": "2024-09-21 00:05:35 +0000"
    },
    "done": true
  },
  "minecraft:adventure/hero_of_the_village": {
    "criteria": {
      "hero_of_the_village": "2024-09-22 04:32:40 +0000"
    },
    "done": true
  },
  "minecraft:husbandry/root": {
    "criteria": {
      "consumed_item": "2024-09-20 23:44:36 +0000"
    },
    "done": true
  },
  "lootr:10loot": {
    "criteria": {
      "loot_stat": "2024-09-22 05:29:06 +0000"
    },
    "done": true
  },
  "dungeons_arise:find_heavenly_conqueror": {
    "criteria": {
      "location0": "2024-09-24 21:30:33 +0000"
    },
    "done": true
  },
  "minecraft:adventure/root": {
    "criteria": {
      "killed_something": "2024-09-18 21:36:01 +0000"
    },
    "done": true
  },
  "minecraft:husbandry/plant_seed": {
    "criteria": {
      "melon_stem": "2024-09-22 04:00:27 +0000"
    },
    "done": true
  },
  "tombstone:adventure/cancel_ghostly_shape": {
    "criteria": {
      "coded_trigger": "2024-09-21 00:03:40 +0000"
    },
    "done": true
  },
  "lootr:1chest": {
    "criteria": {
      "opened_chest": "2024-09-20 23:43:41 +0000"
    },
    "done": true
  },
  "minecraft:adventure/shoot_arrow": {
    "criteria": {
      "shot_arrow": "2024-09-22 04:47:16 +0000"
    },
    "done": true
  },
  "minecraft:nether/netherite_armor": {
    "criteria": {
      "netherite_armor": "2024-09-24 03:18:06 +0000"
    },
    "done": true
  },
  "lootr:social": {
    "criteria": {
      "opened_barrel": "2024-09-20 23:43:21 +0000",
      "opened_chest": "2024-09-20 23:43:41 +0000"
    },
    "done": false
  },
  "farmersdelight:main/root": {
    "criteria": {
      "seeds": "2024-09-18 21:33:08 +0000"
    },
    "done": true
  },
  "farmersdelight:main/get_fd_seed": {
    "criteria": {
      "rice": "2024-09-20 23:35:27 +0000"
    },
    "done": true
  },
  "tombstone:adventure/root": {
    "criteria": {
      "auto": "2024-09-18 21:33:09 +0000"
    },
    "done": true
  },
  "tombstone:adventure/bone_crusher": {
    "criteria": {
      "coded_trigger": "2024-09-24 21:38:07 +0000"
    },
    "done": true
  },
  "cataclysm:root": {
    "criteria": {
      "custom_test_name": "2024-09-18 21:33:08 +0000"
    },
    "done": true
  },
  "farmersdelight:main/plant_rice": {
    "criteria": {
      "plant_rice": "2024-09-24 01:25:22 +0000"
    },
    "done": true
  },
  "minecraft:adventure/kill_all_mobs": {
    "criteria": {
      "minecraft:skeleton": "2024-09-22 03:31:16 +0000",
      "minecraft:hoglin": "2024-09-24 21:31:53 +0000",
      "minecraft:vindicator": "2024-09-22 04:30:17 +0000",
      "minecraft:spider": "2024-09-18 22:00:27 +0000",
      "minecraft:piglin_brute": "2024-09-24 03:25:14 +0000",
      "minecraft:phantom": "2024-09-22 04:47:20 +0000",
      "minecraft:wither_skeleton": "2024-09-24 21:31:28 +0000",
      "minecraft:cave_spider": "2024-09-22 04:20:28 +0000",
      "minecraft:piglin": "2024-09-24 03:24:17 +0000",
      "minecraft:enderman": "2024-09-24 01:29:04 +0000",
      "minecraft:zombie": "2024-09-20 23:37:00 +0000"
    },
    "done": false
  },
  "minecraft:adventure/lightning_rod_with_villager_no_fire": {
    "criteria": {
      "lightning_rod_with_villager_no_fire": "2024-09-22 05:17:58 +0000"
    },
    "done": true
  },
  "minecraft:story/enter_the_nether": {
    "criteria": {
      "entered_nether": "2024-09-24 02:00:43 +0000"
    },
    "done": true
  },
  "tombstone:adventure/find_grave_dust": {
    "criteria": {
      "from_undead": "2024-09-22 03:44:26 +0000"
    },
    "done": true
  },
  "dungeons_arise:wda_root": {
    "criteria": {
      "WDA": "2024-09-18 21:33:08 +0000"
    },
    "done": true
  },
  "dungeons_arise:find_mushroom_village": {
    "criteria": {
      "location0": "2024-09-23 23:43:01 +0000"
    },
    "done": true
  },
  "minecraft:husbandry/breed_an_animal": {
    "criteria": {
      "bred": "2024-09-21 01:11:33 +0000"
    },
    "done": true
  },
  "minecraft:husbandry/balanced_diet": {
    "criteria": {
      "cooked_porkchop": "2024-09-21 01:21:46 +0000",
      "sweet_berries": "2024-09-22 04:27:45 +0000",
      "baked_potato": "2024-09-22 05:37:36 +0000",
      "apple": "2024-09-22 05:22:10 +0000",
      "potato": "2024-09-22 05:05:57 +0000",
      "bread": "2024-09-22 04:34:20 +0000",
      "golden_apple": "2024-09-22 05:42:23 +0000",
      "melon_slice": "2024-09-22 05:27:14 +0000",
      "cooked_salmon": "2024-09-20 23:44:36 +0000",
      "carrot": "2024-09-24 03:26:30 +0000"
    },
    "done": false
  },
  "farmersdelight:main/craft_knife": {
    "criteria": {
      "golden_knife": "2024-09-21 01:12:27 +0000"
    },
    "done": true
  },
  "tombstone:recipes/from_grave_key": {
    "criteria": {
      "has_ingredient": "2024-09-18 22:03:28 +0000"
    },
    "done": true
  },
  "farmersdelight:main/eat_nourishing_food": {
    "criteria": {
      "nourishment": "2024-09-23 23:27:33 +0000"
    },
    "done": true
  },
  "twilightforest:magic_map": {
    "criteria": {
      "magic_map": "2024-09-22 05:35:33 +0000"
    },
    "done": true
  },
  "minecraft:nether/explore_nether": {
    "criteria": {
      "minecraft:crimson_forest": "2024-09-24 02:02:08 +0000",
      "minecraft:nether_wastes": "2024-09-24 02:11:52 +0000",
      "minecraft:warped_forest": "2024-09-24 02:11:40 +0000"
    },
    "done": false
  },
  "biomesoplenty:biomesoplenty/root": {
    "criteria": {
      "glowing_grotto": "2024-09-18 21:33:44 +0000"
    },
    "done": true
  },
  "twilightforest:root": {
    "criteria": {
      "make_portal": "2024-09-22 05:17:58 +0000"
    },
    "done": true
  },
  "betterdeserttemples:root": {
    "criteria": {
      "always": "2024-09-18 21:33:08 +0000"
    },
    "done": true
  },
  "minecraft:story/iron_tools": {
    "criteria": {
      "iron_pickaxe": "2024-09-18 21:38:43 +0000"
    },
    "done": true
  },
  "tombstone:adventure/first_knowledge": {
    "criteria": {
      "coded_trigger": "2024-09-22 03:44:26 +0000"
    },
    "done": true
  },
  "minecraft:story/mine_diamond": {
    "criteria": {
      "diamond": "2024-09-22 05:17:49 +0000"
    },
    "done": true
  },
  "twilightforest:progress_lich": {
    "criteria": {
      "kill_naga": "2024-09-22 05:24:14 +0000"
    },
    "done": false
  },
  "twilightforest:twilight_hunter": {
    "criteria": {
      "skeleton_druid": "2024-09-22 05:20:45 +0000"
    },
    "done": true
  },
  "twilightforest:arborist": {
    "criteria": {
      "twilight_oak_sapling": "2024-09-22 05:31:24 +0000"
    },
    "done": false
  },
  "minecraft:story/root": {
    "criteria": {
      "crafting_table": "2024-09-18 21:46:16 +0000"
    },
    "done": true
  },
  "tombstone:adventure/first_grave": {
    "criteria": {
      "coded_trigger": "2024-09-18 22:03:11 +0000"
    },
    "done": true
  },
  "tombstone:adventure/fortuitous_militia": {
    "criteria": {
      "coded_trigger": "2024-09-24 21:37:22 +0000"
    },
    "done": true
  },
  "minecraft:story/smelt_iron": {
    "criteria": {
      "iron": "2024-09-21 01:16:19 +0000"
    },
    "done": true
  },
  "artifacts:amateur_archaeologist": {
    "criteria": {
      "find_artifact": "2024-09-20 23:36:23 +0000"
    },
    "done": true
  },
  "lootr:1barrel": {
    "criteria": {
      "opened_barrel": "2024-09-20 23:43:21 +0000"
    },
    "done": true
  },
  "minecraft:husbandry/tame_an_animal": {
    "criteria": {
      "tamed_animal": "2024-09-21 00:20:00 +0000"
    },
    "done": true
  },
  "tombstone:adventure/ambush": {
    "criteria": {
      "coded_trigger": "2024-09-22 04:30:17 +0000"
    },
    "done": true
  },
  "DataVersion": 3120
}